station,district,n_windows,stride_rows,raw_rows,xgb_raw_rmse,xgb_stride_rmse,ridge_raw_rmse,ridge_stride_rmse,persist_raw_rmse,persist_stride_rmse,clim_raw_rmse,clim_stride_rmse
ASHADHA PRATHMIK VIDYALAYA,KAUSHAMBI,7,7,754,0.4599048262931245,0.5993441794737512,1.7859502181794282,1.6985521152454894,0.43686146054784797,0.5556342920908606,2.7858233607340606,2.853327788260911
Aagan Wadi Kendra Chandni,JALAUN,7,7,825,1.6091068606571004,1.0208772228501684,1.3899860910828155,1.317638510800744,1.8517683988767588,1.0675566844415445,4.420167374486637,3.597594617242182
Aaganwadi Kendra Pakri Bazaar,DEORIA,7,7,821,0.32086184241857235,0.29601873517061206,0.3906147123021689,0.4457592779502543,0.35010485172748557,0.3949773908080595,0.2756133516054042,0.24855534828426898
"Adarsh Primary School, Dubar Kalan",MIRZAPUR,7,7,754,0.49890171444514425,0.3472000243965648,0.9200660167482411,0.769130836981237,0.47987015908384306,0.3616589044269968,0.7828622552024452,0.5875855603247586
Alakchandra Inter college Bhinga,SHRAWASTI,7,7,745,0.47326151572118125,0.44476070719356403,1.1456311442519047,1.1898658988322834,0.48003677363911396,0.4054768119016197,1.37857920839143,0.7090764341297862
Aligarh Chandaus  Somana,ALIGARH,6,6,663,0.5119939478547078,0.44509545861089883,1.3776703586143488,1.405807358717253,0.5505951325550937,0.551531674551937,2.458617939014562,2.3225489786851004
Aligarh Chandaus Maharajpur,ALIGARH,7,7,831,0.4999193243124095,0.3911456868427068,0.3954967711502885,0.36169757044581724,0.5428839068196508,0.4795581492455633,1.1085827431895954,0.8410651522193616
Aligarh Jawa Bahadurpur Kota,ALIGARH,6,6,682,0.35169204259558273,0.3579080552832256,2.2965993957344195,2.4192609923441455,0.4742040387114369,0.483783123034358,3.145061499454927,3.001021987750504
Aligarh Jawa Jamalpur Siya,ALIGARH,5,5,599,0.2873672037626455,0.3569660714123729,1.8109948363171247,1.890673116195555,0.17136570361945155,0.2139214803376141,2.030950412990956,1.92192795825861
Aligarh Jawa Sogera,ALIGARH,6,6,696,0.6761373392414924,0.6962260747483624,0.7503959717507157,0.7540998070163574,0.826054571121746,0.8452134138619642,0.9851034839289387,1.0166983511968477
Aligarh Khair Arrana,ALIGARH,8,8,854,0.5007356972733175,0.47859094248662354,0.5259752739767859,0.5048355476955716,0.5436191237344193,0.5660299719585202,1.2651310283420054,1.1633918586415637
Aligarh Khair Utwara,ALIGARH,6,6,654,0.35357688869149084,0.0869723257879942,0.5988261612114487,0.5606879426495656,0.28256576599992134,0.23676713460536877,0.9558671710099015,0.974796960317316
Aligarh Lodha Aisi Kol,ALIGARH,6,6,709,0.35588246161329473,0.1686347172813412,1.4108103146136708,1.570947815579156,0.3536800878155771,0.2363416413260442,1.177705903890727,1.173611737014955
Aligarh Lodha Mahrawalpur Nagariya,ALIGARH,6,6,705,0.4351609162898519,0.4490686200061028,1.3046770699358408,1.6151097716065685,0.5092500028811882,0.5458507963058631,1.0088942538734438,1.0272075737624355
"Anganwadi Kedra, Baini",SONBHADRA,7,7,734,0.418434220808824,0.602364838343308,1.1299729038937454,1.216925186101034,0.4032315669980163,0.4335496273996017,1.8721086980305577,1.9313632488498729
Aryavart Madhyamik Vidhyalaya Sindhora,MIRZAPUR,7,7,746,0.4885803381642268,0.47555344089116064,1.3393105630571032,1.3659953518619563,0.4567234858735264,0.3681030682367153,1.8159145384422648,1.87204531507823
Aswaniya Pr. Vid.,AZAMGARH,7,7,745,0.6340394708888828,0.4696709731656274,1.8756679356353816,1.5316472607995164,0.6793234295329514,0.602540832434294,1.1533380287000232,0.9467840765188242
Awagarh (UP-005),ETAH,6,6,711,0.33877602112230415,0.35184623985462915,2.3944321522312038,2.520278459859059,0.2900580026952475,0.30134157694779046,2.6696991838947706,2.740135840502994
Azamgarh Ahiraula Bahera,AZAMGARH,8,8,858,0.49104021536112336,0.14514480862736898,2.205531546609441,2.2979179010224295,0.39219293776656683,0.1550926897181282,2.1886623930975113,2.3527510582970113
Azamgarh Ahiraula Kandara,AZAMGARH,8,8,852,0.4798673650015873,0.39031600458641436,0.9679228082675401,0.9706288713492404,0.3970268320329383,0.28334627567511655,0.3271841352117199,0.2644888639583643
Azamgarh Atrauliya Atrauliya,AZAMGARH,6,6,713,0.17430822092377768,0.13944456624326199,0.8665538845349129,0.924955440912939,0.13102781683825346,0.06852126401042032,0.4003138066524924,0.4291923205655099
Azamgarh Jahanganj Godhaura,AZAMGARH,8,8,852,0.5050296507325486,0.610483122457035,1.1314641816588349,1.155411450000724,0.4078241250000141,0.46443748781823135,0.6240338183590095,0.674336084083356
Azamgarh Lalganj Lalganj,AZAMGARH,7,7,840,0.552470248062225,0.6873038017321002,1.0868270697360825,0.9984684519342498,0.4459669076343976,0.5131356871079317,0.5132062996770935,0.7196553936883142
Azamgarh Palhana Balahi Lahucha,AZAMGARH,6,6,712,0.2368144651996388,0.23270490084426876,1.0107434483292632,1.0064801277032065,0.06313374558156325,0.021432069200321376,0.34034690480127533,0.31370356239269953
Azamgarh Palhana Jamui Bhatauli,AZAMGARH,7,7,725,0.2911113884339432,0.29488381468890323,1.2223060251152336,1.1693629583401886,0.3315639951619468,0.3478741224215386,0.6904421917692397,0.6192696080627872
Azamgarh Pavai Velasiya,AZAMGARH,8,8,861,0.6177925518961848,0.5819844631708171,0.5721657342635066,0.40673542275662594,0.5951362979614603,0.5375455865225002,2.067818150252084,1.9590917830070536
Azamgarh Sathiyavn Gajahada,AZAMGARH,6,6,713,0.45578617407181193,0.10748913290678704,1.17533467112708,0.9591134075090099,0.45773547209225873,0.2185547235618297,2.7740593333026338,2.654425561952484
Azamgarh Thekama Bardah,AZAMGARH,8,8,861,0.4583787397682883,0.23042174797712942,1.1690893044737534,0.9338047030607538,0.43435512148951166,0.20778352634114428,2.530308008990054,2.4692386312320544
B.D.O Office Bhatini,DEORIA,7,7,765,0.4767078860107749,0.26422794029982954,0.8787966783709299,0.9739371623305202,0.44217006434254813,0.2979883111342179,1.4156681420682853,1.5947720748539982
B.D.O. Office Lar,DEORIA,7,7,821,0.3235635537752971,0.24349141367447624,0.36313395836895107,0.3801507408938968,0.41013299029749195,0.4295239521544271,3.4165507357068403,1.0676383075759186
"B.D.O. Office, Binauli",BAGHPAT,7,7,829,1.6154156758317877,1.710874121051126,2.674011309617025,2.9429092480687746,1.7520350756265626,1.8070821649270092,9.453268301524213,9.250537515391237
BADHANI PRATHMIK VIDYALAYA,GORAKHPUR,7,7,747,0.46031533405082387,0.4493404876911347,0.7203125129102331,0.8509289839487031,0.38562397635074463,0.25121618752451425,1.063213538262358,1.14425268921068
BANI KHAS C.V. VIDYALAYA,KAUSHAMBI,7,7,744,0.5722962105201862,0.7039500177419328,0.8994779036059832,0.9581068555353879,0.5338297332323356,0.6753426218656466,0.9614095619026837,0.807933360293255
BANSGAON PRATHMIK VIDYALAYA,GORAKHPUR,7,7,765,0.47491180449158094,0.6793814890762477,0.5550560680687188,0.8360805568859003,0.4060513694193049,0.5351759279224825,0.5106486595421972,0.7499668314424902
Badaun Salarpur BDO Office,BUDAUN,6,6,665,0.24268359658967503,0.23591295744449645,0.7376816679392848,0.7859406963239035,0.19967741451121782,0.20505391678828075,0.36556963524347147,0.25674233642859673
Badaun Ujhani Sports Stadium,BUDAUN,6,6,673,0.1514343571212358,0.15203321512766177,0.5420735106723078,0.619509151014832,0.1415294750965256,0.07932117164922109,0.15951175940646267,0.1268126100934123
Badaun Usawan BDO Office,BUDAUN,6,6,681,0.1669344524529166,0.15337920715821632,0.5234028777285902,0.7029856998061479,0.1290781397438772,0.08873064616574491,0.34437901025666307,0.2686992722365707
Badhai Khurd Pr. Vid.,MUZAFFARNAGAR,7,7,761,0.6115483632273095,0.7371575329955106,0.7104882640650262,0.6339583805329666,0.5037888921772768,0.6110752166917425,0.8051566988838211,0.49368206886522353
Baghpat Meerut Kheda Balrampur Itiyara,MEERUT,7,7,839,0.3628187027670871,0.3723759052432926,0.5145693874525649,0.4869721959132049,0.367855412533789,0.35978593230692685,0.19125105325989095,0.2897696060720909
Banda Baberu Anvan,BANDA,6,6,669,1.098997745055306,0.9982129016270894,0.7830959138541628,0.7439005004284001,1.2210140674328493,1.1269852545709242,0.7711506574948644,0.6842452016266347
Banda Baberu Umrehani,BANDA,6,6,696,1.3733569972486042,1.5646646321733086,2.6582809236103238,2.661257919026129,1.5093356624944514,1.6943257823886293,4.6499477287758815,4.954374070826115
Banda Badokhar Khurd Chatgan,BANDA,7,7,789,0.2741680937411214,0.27478868839823883,2.6269412258365685,2.6578360391222575,0.24412149656610213,0.23972690671891161,3.646262187378732,3.517951181741028
Banda Bisndha Mrooli,BANDA,6,6,717,1.381269877077242,1.1294293984384753,1.0851813905288015,0.69112286775538,1.5526886665803337,1.2968888756439778,0.7551477186064922,0.7181408541911072
Banda Kamasin Tilowsa,BANDA,6,6,677,1.3650874022362343,0.9808018703588769,1.7796050504271772,1.4207673224115587,1.4254515039928082,1.0851237968248792,2.4744330501424145,2.5608806631378465
Banda Tindwari Bhindowra,BANDA,6,6,711,7.252115914335309,7.740706714148643,6.365360226360064,6.593777952566838,7.262261830428147,7.736783342031755,8.279507425279329,8.401569500863257
Bdo Office Campus Pipraich,GORAKHPUR,7,7,765,0.48771987760833213,0.5093657433131703,0.6610452800228673,0.7001149543547887,0.4284926988779985,0.4215308829434133,1.2224664053757788,1.2830077857996882
Block Deoria Campus Deoria Sadar,DEORIA,7,7,754,0.5049974400562246,0.6486286607806718,0.779501612703657,1.2802106484653273,0.5168009072850831,0.6722665039040592,0.7842764078506961,1.362169865075367
Block Development Office-Khekra-Shallow,BAGHPAT,7,7,835,0.41014694366370225,0.4392625308503362,1.1106259135941137,1.3206558777816437,0.335632615132188,0.3611973307379263,0.6861113788381388,0.714944522333643
"Block Office, Kurara",HAMIRPUR,6,6,719,1.3343886538213225,0.6609641314964545,1.2013504109480238,0.8239490947670596,1.5184247476012243,0.7876814577804779,1.6486275634442493,1.3869463769750323
"Block office, Gursarai",JHANSI,6,6,709,1.6094349200286313,0.715778366395412,1.4460607267793304,0.6395386576198734,1.8890096010440571,1.0381220341507957,1.202644216864987,0.6778909185935256
Chitrakoot Karvi Khoha,CHITRAKOOT,7,7,721,2.56870299035154,2.969877215218335,1.965232589198919,2.4176934252087734,2.607857692299155,3.1038212440369257,1.8807320831547776,2.3450789556871454
Chitrakoot Karvi Shivrampur,CHITRAKOOT,7,7,803,2.426346734138474,2.2708986491503294,2.682319154539649,2.515331911873086,2.3389717049806187,2.1436395402513027,3.0105440414248377,2.9981093654770348
Chitrakoot Manikpur Agarhudha,CHITRAKOOT,6,6,687,1.6263412720158317,0.543968165826244,1.7210242278158319,0.4403791370026955,1.6504945010035963,0.5398622348151636,1.326839252425552,1.0514084703614748
Chitrakoot Manikpur Sardar Patel,CHITRAKOOT,6,6,609,0.91874451758398,1.047505424931999,0.9840611137647216,1.3763701711693765,0.7621103327147928,1.063166858032271,1.002259160464013,1.1039253824421287
Chorwa Bhari Prathmik Vidyalaya,SHRAWASTI,7,7,745,0.6173217645391337,0.5325968924051229,0.7985544416613749,0.8997611564971941,0.6259992088329649,0.3630063015343231,0.8595045175346828,1.02796157190022
"Community Center, Ghorawal",SONBHADRA,7,7,746,1.5885230876757535,1.5933851566380897,1.4237235261893784,1.5595802981366667,1.6888333089900613,1.674209345667112,2.36283154631605,2.484730155257195
Comosite School Campus Badalganj,AZAMGARH,7,7,821,0.2631832097121909,0.1272793891661301,1.1103747146340621,1.027348708490171,0.3854196943668593,0.25953949803830983,0.4452101836148822,0.41890927141634304
Composite Girls Primary School Mai,JALAUN,7,7,826,0.24034040047610472,0.21249968431104388,0.6652132546647547,0.6621678198549287,0.04781694544660801,0.04712449964439348,0.9034160740587563,0.9530039864629558
Composite School Basantpur Saitali-1,GHAZIABAD,6,6,628,0.393113925017772,0.20032159218844725,0.6556455529804405,0.6289690131507435,0.4004900513702435,0.1915360256801259,0.7846957153221269,0.7421399484767007
Composite School Biralsi,MUZAFFARNAGAR,7,7,796,1.0267972433541126,0.947460215680371,1.0485821697582896,0.8352325811511104,1.2281309082900247,1.0899659530072325,6.787841438084747,7.0118053811500625
Composite School Kilhora,GHAZIABAD,7,7,817,0.20162011269035499,0.22884226716217831,0.7347620837981711,0.7770285861297719,0.268774004282451,0.2563064616099555,0.6529059240610087,0.6100527000800827
Composite School Nagla Bair,GHAZIABAD,7,7,732,0.22298161912189063,0.2355972712498404,0.963259021345259,0.9861258982938004,0.32187331970662525,0.3215593141271193,1.100285250986421,1.0381277500608628
Composite School Sagarpur,MIRZAPUR,7,7,821,3.2753838182114703,0.26062700882421835,3.274326642221334,0.3855517674268474,3.4040496135030245,0.14364873025080865,3.848910078775539,1.2003899440836476
Composite School Sanjarpur,MIRZAPUR,7,7,821,0.6399731216216031,0.5839166247753202,0.8956839655117127,0.7731375897017955,0.8207574205071322,0.7268746737220058,0.7440845000695536,0.7491774730734462
Composite School katar,AZAMGARH,7,7,821,1.8249233827618954,1.9549187290432632,0.7631081295571724,0.7483820878560912,0.029986960721351038,0.02610967499306447,0.16862777813793473,0.1670804513764039
"Composite School, Dhamna Khurd",FATEHPUR,6,6,656,0.15494341817749174,0.14206475497769666,0.24798593165459087,0.25963541684033054,0.06461736376349284,0.06641266241305523,0.3979364695952387,0.3863524607897992
"Composite School, Ghamhapur",MIRZAPUR,7,7,821,1.6875540384662644,0.83176642588414,4.043164226317313,3.7883239303431555,1.92825399154331,1.0365961455019417,6.890024187319103,7.456079737308818
"Composite School, Mungari",SANT RAVIDAS NAGAR,7,7,738,1.0736033686180764,0.9669199370504518,2.041625925239139,2.064300760963102,1.134685264530878,1.0931358620910874,1.577335464148366,1.6099322613578233
"Composite School, Pathraha",MIRZAPUR,7,7,747,0.6805281158891825,0.7181491839902178,2.3238077577135483,2.4863806287427264,0.7775665051211629,0.8713413318010629,3.8906589524738022,4.300578748917969
"Composite Uccha Prathmik Vidhyalaya, Paltadevi",SIDDHARTHNAGAR,7,7,817,0.29838092659740184,0.40331180424181395,0.491884941878821,0.3773187442877438,0.5010750077822047,0.5726864034139423,0.8470916653632539,0.6179563283518363
Composite Upper Primary School Sajania,SIDDHARTHNAGAR,6,6,699,0.9830818537237135,0.4911495361031209,2.9041069619256983,3.0642418674740006,0.8324573102509892,0.4564842437477689,2.7332225429074053,1.4830976916826932
DEOCHALI C.V. VIDYALAYA,FATEHPUR,7,7,746,0.46924728404917176,0.38419679040453075,1.1730442118667075,1.2694536271480428,0.45535568378016406,0.3750572309553946,2.1439236206817185,2.218803151666063
Deoria Bhaluwani Markna,DEORIA,7,7,721,0.3041268470825992,0.3819754314816178,0.6779802685882839,0.8171469455267271,0.408786883554099,0.5154708064844811,0.6525768197951097,0.6894502903596345
Deoria Bhatani Mishrauli Dichit,DEORIA,4,4,467,0.38025528836585076,0.48973189624579083,0.6100038208306032,0.7136933074091791,0.5302501128437633,0.6423357693788181,0.5321549021718234,0.5726114690881158
Deoria Bhatpar Rani Dharkwan,DEORIA,6,6,705,0.6146944015077836,0.7667563243119888,0.5931897410229028,0.8178263078091066,0.6140075815077306,0.8642844966738231,0.5233037554207057,0.6326863220112989
Deoria Salempur Manihari,DEORIA,6,6,627,0.3275750699830711,0.6609073106190064,0.4260481412452426,0.4704132233817008,0.3801489352459403,0.6349031652602432,0.17973246595828635,0.1402746953731749
Deoria Tarkulwa Tarkulwa,DEORIA,6,6,701,0.3949007455859677,0.6737740330792947,0.3368039638447499,0.43877349557756695,0.5164319960461838,0.7018268280791026,0.1819221380281491,0.15276204622288783
Etah Aavagarh Badhawali,ETAH,6,6,681,0.277633984867269,0.23016648846519608,0.7911962067130413,0.8451564864924983,0.4027811795876704,0.36552585510621727,1.1923644891433325,1.0905032585459953
Etah Jalesar Hasangarh,ETAH,6,6,700,0.31582689582937584,0.264959652153144,2.2028476545191733,2.24841922103134,0.28185513545106766,0.23855755199156067,3.0451092187478213,2.9153237809846333
Etah Jalesar Sakrauli,ETAH,7,7,721,0.35259596580709457,0.38574292472260396,3.212277275223531,3.2141390474573837,0.2524244798007987,0.31595127536822226,4.307763763809917,4.2241827547914435
FAREDUPUR PRATHMIK VIDYALAYA,PRATAPGARH,7,7,746,0.48934298400647264,0.4018793409698984,0.9950661212465359,0.9505031991936289,0.4507893911946382,0.3426746547491491,1.2797284291795192,1.2659835596001408
Firozabad Madanpur Rudhawali,FIROZABAD,4,4,406,0.44411368966125825,0.5833072918541613,2.5572214993008555,2.512751689258811,0.3908526441003002,0.5407911461331854,1.9637691748660093,1.916190370393891
Gadhela Panchayat Bhawan,JALAUN,7,7,829,3.955765370205231,2.887272843784008,4.1204310355287825,3.7996732564485978,4.0481084527773525,2.9304313908890416,8.357886338607504,8.689442409521618
Gorakhpur Barahalganj Bhatpar (Saukhor),GORAKHPUR,6,6,712,0.4478278877607623,0.3860177114044827,0.5163902200215931,0.5218331776227189,0.5008160486495334,0.5426454898434353,0.4001471512951266,0.2900478214282568
Gorakhpur Barahalganj Ojhauli,GORAKHPUR,7,7,829,0.1999676572055035,0.16904469646672188,0.8016896812954686,0.886749058530302,0.36227749278187693,0.3632604550575071,0.3685760968128074,0.2941828337589401
Gorakhpur Belghat Belghat,GORAKHPUR,7,7,745,0.42713152022152345,0.4394039459631298,0.39626194016234095,0.4627915006998214,0.5730062021862209,0.5976506570982755,0.37787472228443403,0.49374886000471163
Gorakhpur Belghat Murarpur,GORAKHPUR,6,6,657,1.119080425772791,0.5623507811067391,1.0131406947062669,0.8096467251280427,1.292195934814391,0.8289213468323016,0.7192787586210464,0.7508509110117199
Gorakhpur Chargaon Beniganj,GORAKHPUR,7,7,721,0.4743665747266111,0.5265806185097293,0.5093653241011468,0.5553086647370502,0.5256616602024,0.5808879083235127,0.27575168032485253,0.316123662644501
Gorakhpur Gagaha Gagaha,GORAKHPUR,6,6,684,0.4696805737220928,0.11895107172952811,0.45953068690032384,0.34994728174539325,0.579384276363229,0.2576961934327881,0.4066547644246023,0.4626270790130114
Gorakhpur Gola Dhakwarchak,GORAKHPUR,6,6,713,0.8440377293105057,1.124773053749306,0.7742448287513982,1.0166650702050175,0.9572371204891441,1.2942479876814057,0.4212717623246652,0.4192067968695958
Gorakhpur Gola Gopalpur Patham,GORAKHPUR,6,6,713,0.757583420198057,0.981004083862061,0.6208850644307473,0.7723129574435439,0.9185998367831215,1.1630868846277624,0.4932949142261743,0.4212272389855931
Gorakhpur Gola Turkwaliya,GORAKHPUR,7,7,829,0.7555024914705223,0.7430754708865561,0.7824068401672726,0.7274084404024205,0.8876062417939202,0.8899216336939829,1.0030574507469503,0.8119807764054825
Gorakhpur Kauriram Dhausa,GORAKHPUR,8,8,841,1.4099984273397426,1.722089647783288,1.179208688367296,1.3981278115674354,1.5395847974825476,1.8647608551213404,0.7950163675420874,0.6936871508980902
Gorakhpur Kauriram Jagdispur Bhaluwan 2Nd,GORAKHPUR,7,7,721,1.1027861127012453,1.2887060954696385,0.9918924789208112,1.009934121474322,1.2281326199803413,1.4529468887672135,0.8111940419370179,0.768538701442601
Gorakhpur Pali Dumari Niwas,GORAKHPUR,7,7,837,0.4872065626126784,0.6646926922783929,0.5675241255731722,0.6965991026786035,0.6367426465614106,0.7796308726317708,0.8083766953680335,0.8242937376461251
Gorakhpur Pali Pali,GORAKHPUR,7,7,721,0.5012809636957944,0.6280860556001124,0.5474489026615061,0.38360303831853326,0.590534932205955,0.7223945363352609,0.8768499213536588,0.8060709574180533
Gorakhpur Sahjanwa Kasrol,GORAKHPUR,8,8,841,0.24568514826223714,0.4184587171227367,0.5376182370504241,0.5336081385516149,0.2671813484673872,0.5650830829104936,1.1039636957361207,0.8200289701807881
Gorakhpur Sardarnagr Awadpur,GORAKHPUR,7,7,725,0.265544680866778,0.24290642423852385,0.4376421580061717,0.4452051073724967,0.23864819317151081,0.21926209318268955,0.46621324871075065,0.40345107292327953
Gorakhpur Urwa Malhanpar,GORAKHPUR,8,8,841,0.9098759691565785,1.2426472773710422,0.730753465083477,1.0100774454976558,1.0486270874115478,1.4058478577110998,0.6873988019839934,0.5643555315717435
Goshala Bada Gaon,BANDA,7,7,821,3.8031184822721538,3.0590052858272787,3.350043050845236,2.2646660711627873,3.822493429963149,2.9983083121853933,7.413119826302985,8.211327885751574
Goshala Bankat,BANDA,7,7,829,1.1636711353783598,0.22497360858708643,1.9965460268355826,1.554438455352898,1.2039624853830957,0.18874835786558727,7.888234508200176,8.729422508283408
Goshala Basela,HAMIRPUR,7,7,829,1.6776004771840787,1.3137840139637813,1.9019396154453192,1.6448722229439463,1.9488932352233568,1.5683142327096866,5.167896424626834,6.032137903924634
Goshala Bhadehdu,BANDA,7,7,829,6.317874039306428,6.287056393423969,4.978002046327723,4.346790552598279,6.340652323631841,6.268586469787426,10.38635899174843,10.46241062323149
Goshala Churaha,HAMIRPUR,6,6,624,0.33892998142251135,0.28745252614303163,2.1671963058759904,2.2019392604592753,0.22403536598007587,0.19477743180468568,10.562495786825407,11.517383796941113
Goshala Ghuri,BANDA,7,7,829,1.4859152481693962,0.827339646432234,1.1900989615898752,0.6139033473930587,1.5930070077914462,0.9554342113128532,5.656814026145995,6.4550578926390285
Goshala Pachhahan,BANDA,7,7,825,0.23961516091688095,0.23257080092821916,1.737460166502911,1.7677957122313095,0.2402769038196385,0.18565249341321413,7.290896572170476,8.17347111604497
Goyla,MUZAFFARNAGAR,7,7,761,0.716907729592663,1.0137783744025706,1.8494823767398585,2.10261176259089,0.6042465207992099,0.8208763769991498,2.5302997132523335,2.650826350457113
"Gram Panchayat Sachiwalaya / D.B.R. Ambedkar Samudayak Bhawan, Durkhuroo",JHANSI,7,7,829,0.2702053056695465,0.2816491928317532,1.574314104731784,1.624362615269378,0.24172464653522127,0.15243223436253336,6.706303306499815,2.1006808505135384
Grampunchayat Sachiwalaya Deori,SONBHADRA,7,7,825,0.9506587182799267,0.9820239952159394,0.9440660467362259,1.0089316025537678,1.1911888824507104,1.122301337432643,1.3317631558765772,1.2712911339742083
Gyana Majra Pr. Vid.,MUZAFFARNAGAR,7,7,765,0.7584878145364664,1.4390951593192762,0.6909847348580747,0.9635334134872096,0.6703563617770368,1.2849166835626218,0.6654978762124326,0.6340938553740407
HARNHAPUR PRATHAMIK VIDYALAYA,PRATAPGARH,7,7,738,0.49692078709735166,0.4441374286558162,1.4962160471413197,1.3260516155716837,0.42372595950262554,0.2844771024518371,1.3357832966029304,1.184309161597873
HOLAGARH PURV MADHYAMIK VIDYALAYA,PRATAPGARH,7,7,738,0.4142230995544024,0.300441216609906,0.8417875479053306,0.7265300772113671,0.4386671133750721,0.3583074566395004,0.6286783871585977,0.8539480074364963
Halwana,SAHARANPUR,7,7,765,0.5729624677838691,0.4401097898174189,0.6489924588999108,0.37841545701275653,0.6398038784891862,0.6327920016332815,1.722584291773161,1.6736975921845398
Hamirpur Kurara Damar,HAMIRPUR,6,6,705,2.0304362371041287,0.8073273496448963,2.2969216525579905,2.0992187647854563,2.268573630067315,1.0067895815532726,2.9266618873561194,3.3235895974157064
Hamirpur Kurara Jalokhar,HAMIRPUR,6,6,683,1.6640015502065073,0.332099975106726,1.860672265270624,1.055707069564517,1.7458477409333597,0.6444257330536931,2.4736626689183283,2.098419253423056
Hamirpur Sarila Purani,HAMIRPUR,7,7,839,1.5714157278118948,1.5417855941885186,2.0162111679246673,1.5214593613974179,1.7287168382295293,1.6713809261976158,3.0021499134182856,2.899785690203181
Hamirpur Sumerpur Etara,HAMIRPUR,6,6,704,1.0313219586459417,0.6710485141596091,1.3363530201756868,1.336339324372163,1.112024498694259,0.7110608340651925,2.1379190485304536,2.3622876380304887
Hamirpur Sumerpur Para,HAMIRPUR,6,6,655,0.6663638812161236,0.4602085776858917,1.7126023439429945,1.7734014188535783,0.7469670477725824,0.509072231961013,2.049378781806381,2.0311047156099287
Hathras Hathras Hathras,HATHRAS,8,8,868,8.23552653463108,7.094265100531792,6.421393605847186,6.254368352537514,8.272418749170885,7.288104632827395,6.7941650751257505,6.198011985121385
Hathras Mursan Chandapa Sandh,HATHRAS,7,7,803,0.3270439757993532,0.42428566074698865,0.7810129420724972,0.9326777496807728,0.35745020882373374,0.41262262571088837,0.46960030548648457,0.6367821072650645
"ITI Campus, ITI Campus Area",MUZAFFARNAGAR,6,6,650,0.5802593734425098,0.5363927819991373,0.9030912954454675,1.0376759368728776,0.781731976399269,0.6098782370002315,0.5354797120569091,0.6089424884850846
Inter Collage Khampar,DEORIA,7,7,821,0.3653831597998724,0.43321301238311144,0.7124921233466591,0.7590863433511702,0.4913604481786981,0.5447085476427673,0.7793799525441747,0.6281202060940021
"Inter College, Sarv Hitakari",BAGHPAT,6,6,665,0.7333968785631264,0.7958783357410083,0.8533419624900412,0.449244193995927,0.6258592352993148,0.7120173471068156,1.3685603205246668,1.3349814916441387
"Inter college, Tindwara",BANDA,7,7,819,0.18260511892133846,0.27698087308080543,5.6330763217756115,5.505535766386729,0.23987090242236694,0.3146696820524015,8.592107162482195,8.663343565599547
"Irrigation Department, Amawar",SONBHADRA,7,7,751,0.6412926406272089,0.6124341734244871,1.7615325098341013,1.776051534907098,0.6237829722884871,0.3643552406777204,2.1348548352096364,2.2079112993424097
"Janata Inter College, Lachheda",MUZAFFARNAGAR,7,7,837,1.7351253074648028,1.98739278008432,1.8218507121043255,1.9951832484090415,2.0106064987294197,2.3017592039702985,1.3323567184877454,0.9742314954344418
Jaunpur Dobhi Bagerwa,JAUNPUR,6,6,678,1.2230355967893805,1.4330198011318445,1.7089492380273534,1.7615546086466705,1.0294579292943857,1.2119739894730635,2.148723002169341,1.9875205415116655
Jaunpur Dobhi Bankati,JAUNPUR,6,6,702,3.1205054594823136,3.0075815385619573,2.9789452644421393,3.022351811804314,2.9959578052306544,2.776449679006577,1.4440146430864962,1.2733501357784656
Jaunpur Dobhi Kachhawan,JAUNPUR,6,6,701,3.2347996161132344,2.965016582306386,4.343151405422943,4.756753922297966,3.0748867102177653,2.767189168475747,6.425893469820794,6.312249695005332
Jaunpur Dobhi Kakarapar,JAUNPUR,6,6,715,1.182323588533538,2.0238999909222244,2.7860908141566663,3.010938074844786,1.0600480955707268,1.8962829419307579,4.538241883836172,4.596087736266141
Jaunpur Jalalpur Katuwani,JAUNPUR,6,6,709,0.4062226147590896,0.33520471493495246,1.1187742009971129,1.0469803025799962,0.400764369720506,0.29196847032137385,0.3527803786520252,0.2647287330142566
Jaunpur Jalalpur Vanpurwa,JAUNPUR,6,6,705,1.633932875983299,1.4638523792635199,2.4323701826745276,2.4465174153651823,1.613334812021846,1.2728775515733,2.2509671635359854,1.8460186904518827
Jaunpur Jalalpur Vind,JAUNPUR,6,6,717,0.7567136128056906,0.5526149181316755,1.4096215508192995,1.4276345986010448,0.8212033885054933,0.5244647339928401,0.7279569195909625,0.46559310367647927
Jaunpur Kerakat  Kharg Senpur,JAUNPUR,6,6,707,0.6725234301758336,0.6039167787305721,0.8228749393751111,0.5477732343697839,0.7668138356501245,0.5751433976941321,0.7402329451878102,0.8027133396980313
Jaunpur Kerakat Barbaspur (Sohani),JAUNPUR,6,6,713,0.27488444695342723,0.26473568012898396,0.747659198987162,0.6304802598259447,0.03277417530228628,0.030097143587556125,0.3602810576477214,0.3665837710114584
Jaunpur Kerakat Mahali,JAUNPUR,7,7,721,0.25876364811271596,0.2629365444192875,2.008325119936268,1.9988700943142619,0.06479132020431047,0.051781154103851056,1.8183636475135212,1.7213342373855334
Jaunpur Kerakat Nihalapur,JAUNPUR,6,6,707,0.5276096561875827,0.3340044474275644,1.4853581255568227,1.4350109730173455,0.6370482062627798,0.37468147526585255,0.7492692150803186,0.7006543329239554
Jaunpur Rampur Kamaruddin,JAUNPUR,6,6,703,0.40502710087808796,0.38674216900001485,0.4299680817132654,0.3772625913650555,0.1996808807730685,0.18788833932238055,1.0993014344178405,1.1020471055797325
Jaunpur Rampur Kaseru Nonara,JAUNPUR,6,6,680,0.48778009742230793,0.14745225532899045,1.0895048804724157,1.1014002590599958,0.6735851575340888,0.2563149701508147,0.67568934628665,0.6729583129097612
Jaunpur Rampur Kathwatiya,JAUNPUR,7,7,721,0.7241149636944195,0.6332315571693407,1.1991734589437206,1.1886044219018157,0.5021809219403215,0.5060518226560283,0.9871317131935873,0.9408584695490719
Jaunpur Rampur Sultanpur,JAUNPUR,6,6,669,0.996523622261639,0.8145431064353725,1.0664953303611433,0.9323351842070103,1.2748548147997507,1.1386352399482276,0.7999681680770909,0.8604582206807235
KOSHAK IMAM PRATHMIK VIDYALAYA,KAUSHAMBI,6,6,609,1.8981247010434923,3.821714984565104,4.330322696441875,4.529517701223904,1.8514559172747136,3.722671932636502,5.961683370033268,6.081022120538312
Khojapur,AZAMGARH,7,7,761,0.5452764819789971,0.5532957597944518,2.5494604192625525,2.318435998957424,0.6563405666641616,0.6995863201707121,2.6310198013356385,2.421022097181206
Khursropur,MUZAFFARNAGAR,7,7,753,0.5502324820673219,0.7704179054956403,0.9654381081576194,0.8577836987167491,0.5403366611088308,0.816984241541119,1.2622750454509974,1.2208783635852647
Kushinagar Captanganj Captanganj,KUSHINAGAR,7,7,721,0.33336104066949146,0.3385690280179327,0.4063170693376484,0.46945487998989893,0.4365171592693364,0.46874307550692373,0.32339318547178286,0.3547788616513156
Kushinagar Captanganj Senduriya Vishunpur,KUSHINAGAR,7,7,837,0.5506339523249003,0.43320338174887985,0.8783638095795842,0.8448106851922181,0.6618718031976629,0.5490110478861667,0.7106910094044457,0.716913353342227
Kushinagar Dudhai Dudhai,KUSHINAGAR,6,6,682,0.34690914062704603,0.4212984240716474,0.7191434833102374,0.8098644970184989,0.5030632415134522,0.6019493615069026,0.8676029689112453,0.8636589524627075
Kushinagar Dudhai Gorariya,KUSHINAGAR,6,6,708,0.6940126024688685,0.8684643478222537,0.7212275252893772,0.8844455743086639,0.811292904282911,1.0251483933173262,0.7375645909661432,0.7068971121733869
Kushinagar Dudhai Lala Chhapra,KUSHINAGAR,7,7,721,0.5653755199582645,0.6224807190370852,0.7416454052630168,0.9563880217120582,0.7168488491871772,0.8385286990868928,0.7730306378328151,0.9404973446046159
Kushinagar Fazilnagar  Belwakala,KUSHINAGAR,7,7,721,0.8638036338713352,0.9616650975795149,0.8412508858356009,1.0672244029402425,0.989322688603353,1.199227059445812,0.7049513075022336,0.7867384624092856
Kushinagar Fazilnagar Jokwa Bujurg,KUSHINAGAR,7,7,721,0.9716123589751169,1.0733020004796128,1.0177750434126158,1.2000497745783998,1.1708498608801963,1.3093703345342693,0.9868443059807263,1.1495578284248502
Kushinagar Fazilnagar Narayanpur Khoti,KUSHINAGAR,7,7,721,0.8396386113453748,0.8396001450626307,0.990682451009299,1.1296588303100836,0.7460994043423929,0.8912594534786757,1.146515983987223,1.2413287696397426
Kushinagar Khadda Basdila,KUSHINAGAR,6,6,709,0.3173713501839796,0.42249331187136224,0.3933220729402895,0.4610719897438545,0.49657040966810456,0.6079276152775546,0.2806876011155432,0.22718635405233426
Kushinagar Khadda Khadda,KUSHINAGAR,3,3,282,0.38154886134689747,0.5456230916740908,0.6129939324950175,0.8006832128349336,0.3329638171783865,0.35213869511256013,1.1233774618373757,1.5797385414602634
Kushinagar Motichak Mathauli Bazar,KUSHINAGAR,7,7,721,0.6805530480809485,0.6729172166414646,0.8568180652955958,0.950876324030431,0.8656265048359651,0.898873397447565,0.8330977961912864,0.8903652080023298
Kushinagar Motichak Motichak,KUSHINAGAR,7,7,837,0.6431920632869691,0.5794353233091198,0.6941592514607888,0.6467702151428802,0.7166495125710783,0.6605658649010178,0.2864630966489008,0.3465828569008151
Kushinagar Sewarhi  Rampur Bagra N0.2,GORAKHPUR,6,6,716,0.6815748609878602,1.0689317339048987,1.226661338366611,1.2114429614074085,0.7689245739172914,1.079911923155218,1.3582280498864394,1.2552585490185915
Kushinagar Sewarhi Sewarhi,KUSHINAGAR,7,7,721,0.5023592213747623,0.5419468068941417,0.6827131495198456,0.8998882644100227,0.7108188976741739,0.7904839100346773,0.8050568163493557,0.9810963039321297
Kushinagar Tamkuhi Rajwatiya,KUSHINAGAR,7,7,815,0.5682350270511207,0.5867123041597406,1.1522006313887625,1.2253316522920448,0.6970495304144924,0.7728949218493097,1.4947521572971325,1.49126099939064
Kushinagar Tamkuhi Tamkuhi,KUSHINAGAR,6,6,714,0.9469177391534183,0.8170429248123897,1.0834870351794603,1.1775957208359638,0.9644515162525137,0.9371975463813793,1.2854640655029952,1.2108532562691456
Lagdi Gullar Prathmik Vidyalaya,SHRAWASTI,7,7,765,0.4975487204740047,0.37311966915619954,0.64301760839577,0.5888139399072239,0.4693734811167948,0.3366518255594981,0.7052936388826955,0.5260035309137477
MANDHATA PURV MADHYAMIK VIDYALAYA,PRATAPGARH,7,7,746,0.4974069665635837,0.31320760785234397,0.6111349109019693,0.577975139513292,0.5108020380284657,0.3388941621848799,0.7445744995950211,0.4261479396503681
"Madhyamik Vidhyalaya, Dulha Daul",MIRZAPUR,7,7,747,1.3193016937625281,1.2484789840717465,1.2197081272116563,1.2744756509178359,1.4376175355600642,1.368452768923334,3.4675941819585745,3.1560167377657464
"Mahadeva Temple, Mahadeva",SANT RAVIDAS NAGAR,7,7,738,0.6319808021112746,0.6502075345602303,1.488253639366723,1.6599868465136143,0.7379451422881826,0.7377834257799022,3.1096613061063207,3.1166073935985796
Maharajganj Dhani Nausagar,MAHARAJGANJ,6,6,632,0.8141648256135905,0.7257810244686324,0.577170456774884,0.29594501196804496,0.8598509524195884,0.6742450508706527,0.3227870600504639,0.2265338638452627
Maharajganj Mithaura Bhagatar,MAHARAJGANJ,6,6,647,0.42513928094980513,0.28603252506200494,0.6293632587723996,0.5689788639776937,0.5104378972784568,0.3042107521668653,0.602123235862562,0.6717781540882263
Maharajganj Mithaura Madanpura,MAHARAJGANJ,7,7,795,0.3802358977398198,0.23339957715523868,0.4159683623613061,0.4016304294503107,0.3012479401315195,0.25718283822050403,0.785512117599939,0.5836332657915346
Maharajganj Nautanwa Purniha,MAHARAJGANJ,6,6,616,0.9935453514914544,1.2506545616886156,0.9537325617189254,1.077506844450481,1.2117396289399731,1.4685849574532386,0.3061905227771959,0.2691623150663031
Maharajganj Nautanwa Sampatiha,MAHARAJGANJ,6,6,698,0.8100597089051448,0.8678140237457878,0.8156120444088294,0.8673279355900633,0.9394807753351372,1.1254553301784609,0.5660391298457185,0.22447490711635704
Maharajganj Nichlaul Balaekhor,MAHARAJGANJ,7,7,801,0.7331995178376142,0.9062774339735549,0.8587284690026235,0.8946991986911348,0.8551809969228515,1.124212738523959,0.8136592557702927,0.7682960871175635
Maharajganj Nichlaul Garaura,MAHARAJGANJ,7,7,798,0.5383787986909419,0.5108867801602675,0.6629323091571087,0.7256178975372098,0.714387576246606,0.738665127927132,0.3162606155495127,0.2907994053412513
Maharajganj Siswa Siswa,MAHARAJGANJ,6,6,698,0.6526629781383725,0.748782460027983,0.7151558788839949,0.8766843634164682,0.8410022468440753,1.0174289113123256,0.7079241006296512,0.41315198163385763
Mahgaon (UP-031),KAUSHAMBI,7,7,726,1.1367983498816339,1.7384194417935266,0.9379081286155215,1.370084327998055,1.220180547113882,1.8252798793349057,1.0107694159471778,1.4357521179439072
Mahoba Charkhari Kuaan,MAHOBA,7,7,839,1.0054327100861369,1.1559506308639862,1.4712591049543489,1.313561154236935,1.0276911630206067,1.1598071741238505,1.36480801470357,1.038203092229206
Mahoba Charkhari Natara,MAHOBA,7,7,829,2.3815156175929224,2.6159459870177026,2.591898896562576,2.6496416310776065,2.619343574964049,2.836363940109522,1.2000870337532246,0.931639196529386
Mahoba Charkhari Padha,MAHOBA,6,6,714,2.439391643607781,2.1678391392581204,2.6305314407073075,1.835508197420627,2.6546205886203014,2.3003261363013756,3.0431308568860187,4.221180225274101
Mahoba Jaitpur saguniyamaph,MAHOBA,6,6,716,0.8326805728606368,0.23589329707577725,0.9274522961660441,0.3936029154808527,1.050135974449358,0.3564089432519645,1.0216671546434235,0.991283807687919
Mahoba Kabrai Karaha,MAHOBA,7,7,827,1.3094114653584024,1.4825508750135483,4.790635822892125,4.819544446894968,1.5609761648644311,1.7639411002594167,8.358645975324611,8.272344242946465
Mahoba Kabrai Sisri Kala,MAHOBA,6,6,713,0.9472837647481397,0.566825420471901,1.034287126286751,0.6575575520855422,1.2387560667970088,0.8978969593290019,1.288827690017582,1.269341739832893
Mahoba Panwari Didvara,MAHOBA,6,6,693,2.081526541502094,0.46626667068708816,4.3322959174639735,3.2472980102231768,2.3232095730145295,0.7622774610051795,5.552685336343964,4.595137260972431
Mainpuri Karhal  Rajpur,MAINPURI,5,5,537,1.067002288193023,0.8787651672736219,0.8970440099750482,0.5946022538884183,1.2243200320710859,1.039326020644206,0.9437522886994716,0.8807454840298011
Mainpuri Karhal Mohabbatpur,MAINPURI,8,8,844,0.41528527647933366,0.5205316270339627,0.6642493235444743,0.8368236881940869,0.502299374332026,0.6402521805489747,0.748462022223332,0.7257450876800109
Mainpuri Karhal Naglamdari,MAINPURI,7,7,721,1.0102742718807056,0.9211671800421145,0.850195967693561,0.8590590970221673,1.1511046357967714,1.051247911927833,0.5559821471827407,0.5656159413463864
Mainpuri Karhal Takhrau,MAINPURI,8,8,867,0.4320675827660063,0.526443188471308,0.9973132782393295,1.0208179846331573,0.417426284516213,0.535670476516117,1.2735555584736393,1.249546888796234
Mainpuri Karhal Timrakh,MAINPURI,7,7,837,0.5066894673595095,0.5181845464634294,0.5064545917625423,0.3402078466431377,0.4250137260669732,0.48461295430335805,0.8872883149396117,0.563399849905035
Mandi Samiti-Muzaffar Nagar-Medium,MUZAFFARNAGAR,6,6,688,1.639882326311562,1.7241519544723793,2.2427505898261004,2.080357278900065,1.8629611178176448,1.9040429636612268,1.723623875952007,1.1387269680266763
Mathura Baldeo  Khanpur,MATHURA,6,6,720,0.5371629034059835,0.5336027121167882,3.5562109252956025,3.5721899433380067,0.49475484168404754,0.4573751379978168,4.848191521019737,4.866628499267006
Mathura Chaumuha Navagaon-11,MATHURA,7,7,721,1.3678594375588078,2.163860699685691,2.4645208747319605,3.202134025984973,1.326239892228701,2.1450792661926137,3.308758268117793,3.864083133750325
Mathura Chhata Chandauri,MATHURA,6,6,693,0.8349529803021969,0.735472939777306,2.108206010731358,2.3397661232540594,0.7624264792264522,0.6392833831936129,2.5762555615738267,2.8452334043605894
Mathura Nandgaon Nandgaon Dehat,MATHURA,7,7,721,0.18203326814863596,0.19450497266427078,0.49736129982709126,0.5410129189512133,0.12609804883921374,0.1806421048191386,0.1754811174892885,0.20398604444216395
Mathura Nandgaon Vathainkala,MATHURA,6,6,703,0.37472560091564555,0.2208600883934255,0.5691539413377279,0.6495663622077762,0.27862001214856336,0.2116266285947624,0.579292999055169,0.6249575904592928
Mathura Naujheel Badharra,MATHURA,7,7,721,0.6072634297201555,0.5548711097670859,1.106132189661128,1.119256312085977,0.7138796570485133,0.6649334207659373,1.4031574025847653,0.9650237030870497
Mathura Pharah Nagala Medhaki,MATHURA,8,8,851,0.3236985297670946,0.38033257103232637,2.316594336414814,2.3935707707277896,0.3175391648706565,0.3499916210166233,3.256183565008688,3.295944259554093
Mathura Rayan Kharaba,MATHURA,8,8,859,0.5551860199953869,0.32517903470527015,0.9772907082460874,1.046893747374159,0.48981974009564855,0.32578667609737144,1.4555387994421758,1.0018605846505737
Meerut Janikhurd Afjalpur Pavati,MEERUT,6,6,712,1.041218403647879,1.02661963749307,0.9296400553634315,1.0076572233722427,1.2222828069295706,1.2244289554948966,0.8082054183712112,0.5374051727828788
Meerut Janikhurd Satvai,MEERUT,6,6,692,0.6721765073131891,0.5807138356479912,0.960223245256602,1.0774707526736385,0.8101758701646006,0.7311671419042944,0.6838152795346667,0.4196225402961433
Meerut Sardhana Chhabariya,MEERUT,5,5,528,0.5008621110550943,0.3793471669416994,0.5268571294708155,0.4780253710660534,0.3479881954578071,0.2791943065600033,0.2957341503404638,0.24075394164305333
"Nagar Palika Campus, Gyanpur",SANT RAVIDAS NAGAR,7,7,739,0.6302927302381495,0.6303992939834598,1.2205746001648072,1.126670216050123,0.7361168135107578,0.7761585940457502,0.8944589284686976,0.7557195867185132
Navrasia,AZAMGARH,7,7,761,0.7783453813097218,0.7602496687463248,1.4300433669488046,1.2380504932188574,0.8893774889027152,0.9019161207495153,0.8466859546817421,0.6060221439704854
Niwabhari Prathmik Vidyalaya,SHRAWASTI,7,7,765,0.43534150198251137,0.3710339233713537,0.9501767159454595,0.7703186045962972,0.42245634888962896,0.3259068534576624,0.907082399552937,0.6478913034769272
"Office of Assistant Director, Resham",SONBHADRA,7,7,820,1.7217016776024479,1.2952976945697623,2.441222393600882,1.9504340323309795,1.9478468872467813,1.5353896695080902,2.952530402376463,2.0825844172351604
"Office of the Development Officer, Dakore",JALAUN,7,7,829,1.0473777015445989,1.155142560416521,1.1661973535640746,1.247535964857012,1.0885972341752386,1.2813846130858966,5.018873164637403,4.480720516249821
PAHARPUR BARIGAWA PRATHMIK VIDYALAYA,FATEHPUR,7,7,743,0.49939848732187403,0.572059207308241,3.308419327667634,3.491433574617013,0.5067549428053209,0.5025925436450883,4.130831043064729,4.241441908898058
PRIMARY SCHOOL BAKAR GANJ,KAUSHAMBI,7,7,746,0.5536550757085692,0.4489899854947199,0.8498115402556543,0.7121033602397949,0.5404325673906751,0.2349359841859542,1.5977249387941577,1.3063072824836583
PRIMARY SCHOOL RAMUGHAT,GORAKHPUR,7,7,747,0.42362572107800367,0.43636179212625625,0.6488010522789383,0.7840487331332595,0.3817387806253535,0.37891413508198857,1.1237192812382881,1.2506576113443244
Panchayat Bhawan Kuda Nar Singhpur,BUDAUN,7,7,793,0.40008170493250206,0.2930871976372381,0.5471424515271645,0.46564014672984055,0.37410925102516,0.19680584846037671,0.6326203724302505,0.4885995132774907
Panchayat Bhawan Usmanpur,BUDAUN,7,7,829,0.17120444109259172,0.12022416699150078,0.252922132794085,0.21704569312537345,0.16448562046652473,0.11750922596905927,0.561197512530093,0.33881762635460894
"Panchayat Bhawan, Dohri",MIRZAPUR,7,7,763,0.5158114001625377,0.6495173006576028,3.0873462770412514,3.246455489732098,0.47040254928394454,0.5084814749761578,2.6437024809000667,2.9862550001000914
"Panchayat Bhawan, Kul Doomri",SONBHADRA,7,7,747,0.6313462615033074,0.670864201448962,1.0822697804962884,1.0822191890249364,0.5171181071994985,0.5621971628305619,1.3180619546325025,1.1921120350733256
"Panchayat Bhwan, Kon",SONBHADRA,7,7,754,0.5349096612248959,0.5929017403137401,0.8346035510740172,0.9855994221060281,0.44530523503538966,0.45894252929996987,0.4635729958115993,0.543568309591775
Piparaond,CHITRAKOOT,2,2,182,4.374250267334111,2.84117558683471,3.81416321878653,4.415403568478263,1.170067959303811,0.8570297718024368,7.582518362046697,7.051622400002871
Poorv Madhamik Vidhyalaya Kaseti,ETAH,7,7,829,0.6722653935933117,0.7556244795567048,1.6036353543656003,2.04122932027843,0.7535991550238885,0.8748239596423304,2.519297029110223,3.0654113191876173
Prathmik Vidhyalaya Bant,LALITPUR,7,7,829,0.8459759183484734,0.45567143747408795,0.9042214300990248,0.8414437560277404,1.078331541352837,0.6067235942548733,1.5182727748975606,1.369432599688384
Prathmik Vidhyalaya Barha,JALAUN,7,7,825,0.30659776526807253,0.1580921472225728,0.512288943504721,0.535733861710135,0.27043354548784254,0.050835860705191464,0.9412337466896703,0.9253614749788324
Prathmik Vidhyalaya Mahugarh,MIRZAPUR,7,7,755,0.450159947156752,0.4301009187670398,0.8549418038790999,0.7282035810193207,0.4868192318872845,0.40172909302578613,1.0456534243099378,0.8371734046921281
Prathmik Vidhyalaya Manohari,JALAUN,7,7,829,1.9229795523567113,1.7792600363937947,1.612276239231214,1.620493658212667,2.135092721033006,2.036905898896361,4.532469502189734,1.4683192389261928
Prathmik Vidhyalaya Pahalgaon,JHANSI,7,7,821,0.835592603714143,0.44688428414576703,0.6521149965885658,0.3955260264924176,0.9496746554612938,0.5671657460319783,4.721182952491464,5.672634835566147
Prathmik Vidhyalaya Pipra Sarvan,DEORIA,7,7,821,0.3214317912760034,0.24637898603824307,0.5949514717604301,0.5949189970471042,0.3294311777348694,0.3203239128885738,0.5970399795901352,0.57407059592627
Prathmik Vidhyalaya Sirasiya Pawar,DEORIA,7,7,821,0.4238589167476452,0.6160803337999312,1.821592988878929,1.9116552508013014,0.5805660946667314,0.7673530290460722,1.403545685871366,1.2589782111540748
Prathmik Vidhyalaya Takuli (Durahi Maafi),BANDA,7,7,797,1.5469821341164118,0.9995468013940506,1.2407777813052907,0.5610716862191362,1.6687938878158568,1.139085804201382,5.6176508554861035,6.18047561124951
"Prathmik Vidhyalaya, Katiliaha",FATEHPUR,7,7,821,1.7469076310040668,0.9578307613561511,2.8390069674600356,2.3068997357719208,1.807844667347745,0.959092600352032,4.13483004116578,1.975598151397083
"Prathmik Vidhyalaya, Makarndpur",FATEHPUR,7,7,821,0.6359232541807187,0.5687859988875573,1.6555203732251647,1.6047373734225765,0.6412943958586652,0.5327953361816455,2.266675310522977,2.131781363378994
"Prathmik Vidhyalaya, Nehlawa",SIDDHARTHNAGAR,7,7,829,0.5133716844697048,0.6049129866841654,1.0313314512141012,1.2472180504030794,0.7091466334684852,0.7793199135296516,0.7547401492554043,0.4525092836458877
"Prathmik Vidhyalaya, Phaprana",GHAZIABAD,7,7,776,0.7194925874580528,0.46896002657453045,0.7801600401943835,0.8046547372471148,0.8708021316204415,0.6593334936402716,0.8733826723980915,0.8706679624821724
"Prathmik Vidhyalaya, Thavai",FATEHPUR,5,5,583,0.4442660062707379,0.29671496547473475,0.8156350748980894,0.6920437890858725,0.5396824838980019,0.385803021973176,1.3938194601525693,1.3185276234307721
"Pratmik Vidhyalaya, Kakaruwa",LALITPUR,7,7,829,1.2158367845013722,0.8588052965297263,2.1440918300512846,2.106418780767249,1.5258570419969715,1.0865017547789104,3.4826929429624034,3.6323755023646127
Priamry School Mukasim,SONBHADRA,7,7,821,1.1574396644173004,1.230176163477223,1.3829833660840756,1.4786455524267879,1.2630649172310113,1.3952248334331327,1.733068384049034,1.833411169737923
"Primary  School, Nawada Kalan",SANT RAVIDAS NAGAR,7,7,728,0.44713346220835465,0.4463426937265648,3.7002016357209873,3.7575557153857164,0.5005378776886693,0.5344596493999072,4.00304204976193,4.011057776585021
"Primary / Composite School, Banwaripur",BAGHPAT,7,7,812,0.5407358034970099,0.6638302961247906,0.9845875812822128,1.067996366402323,0.6237633837529072,0.7272757332426084,0.6606294621887366,0.6081919511180347
"Primary / Composite School, Chiraudi",MEERUT,5,5,543,0.6797725302655022,0.4501941965943343,0.9103667665872536,0.8479786206084546,0.9013272098925819,0.6242922394614479,0.5096996663703239,0.48817765439238264
"Primary / Composite School, Jainpur",BAGHPAT,6,6,700,1.2119352674449124,1.0940583300200268,1.8696255130066348,1.9523503132883033,1.4119253114278885,1.3627422277826362,1.4452385540426933,1.2487225034510272
"Primary / Composite School, Jasad",BAGHPAT,4,4,430,0.6589853641115524,0.5467792349564351,1.6638582312756802,1.833268393028108,0.7307373361173966,0.6411746820491482,1.1285829059274444,1.1354416283571114
"Primary / Composite School, Mahalaka",MEERUT,6,6,607,0.33166600444287025,0.34664014474744664,1.4988714307766515,1.4787848554289167,0.4526420724506552,0.4679155082075073,1.6804232795822016,1.7835182544635277
"Primary / Composite School, Mohaddinpur",BAGHPAT,7,7,721,0.16500638742071935,0.20540644636205319,0.19139558683851535,0.2152901689565997,0.2474054589600182,0.2963044030969332,0.3216829239335317,0.28780751467686977
"Primary / Composite School, Pepala",BAGHPAT,6,6,718,1.0705866693709079,1.1193475301919504,0.9880562046655731,0.9767373481182453,1.2391658245765498,1.285523424392893,0.6020795529184706,0.48589643344991895
"Primary / Composite School, Saradhana Block Office",BAGHPAT,7,7,721,0.5500070334308125,0.5093287315548284,0.6839306660197443,0.6703453854607279,0.6574001325457646,0.6798490453805143,0.5606566472348244,0.48189092730971067
Primary School  Bihasara,MIRZAPUR,7,7,742,0.6820219238006179,0.6922371677843017,1.0616851517926942,1.4215043036889659,0.732544457710656,0.7219276558772101,2.4230467109093117,2.5300665980464014
Primary School  Biraura,MIRZAPUR,7,7,746,0.7556814079587221,0.8976728025201669,0.7317414644944243,0.9769143914467584,0.8065942564701567,1.0019379307819611,1.7967090617671286,2.0175200907838002
Primary School  Maharaji,GORAKHPUR,7,7,772,0.45853149171995017,0.3742363658985662,0.8239360413913298,0.7533371540525288,0.4060263932879175,0.32213372664794376,1.3858092534336826,1.5028465842227887
Primary School Ashadh,VARANASI,7,7,821,3.1235799919007534,1.9316047886199816,2.777627296891416,1.5862301966424308,3.3389956859899623,2.169591085899753,3.7360921993659706,3.0846937018730083
Primary School Babura,MIRZAPUR,7,7,754,0.5233494944933204,0.4375691085587995,0.5095454339718244,0.4251676546002119,0.47516968004474086,0.14954117643062234,1.453469293691687,1.6886540636338119
Primary School Baijnathpur,GORAKHPUR,7,7,808,0.2733509425358251,0.1556099292327398,0.315202177298059,0.21125747835978678,0.3120549799021664,0.1843940128098656,0.2552525343683107,0.2507265540544896
Primary School Bargdhi,GORAKHPUR,6,6,660,0.37756934625541677,0.13216461416962982,0.47768944913847666,0.3644958344262867,0.42877079159011233,0.23007645604892213,0.3804511879852578,0.5699603444721687
Primary School Bhata Diha,GORAKHPUR,7,7,821,0.7474809753445053,0.7761614057338496,0.7381080227681652,0.7828851625950929,0.8772500211010162,0.9292273899622059,0.46614145129859197,0.2720262920591108
Primary School Bilona,FATEHPUR,7,7,829,1.8533870022052326,1.1136896109036325,2.225570122992533,1.7393812159795623,1.9419387718083363,1.2090240671585042,3.657384573042292,1.678006764922298
Primary School Campus Aurangabad,AZAMGARH,7,7,821,0.831672590388583,0.516761429164485,0.6740105192406378,0.4394855059110529,1.0000063777504786,0.7052116371689938,1.4837524798571782,0.1409435202230211
Primary School Campus Powai,AZAMGARH,7,7,813,0.35530892493848837,0.34954637808054007,2.612592341485308,2.5299418945950785,0.36688190994098335,0.3664744236151359,2.731123280588042,2.607172187396172
Primary School Campus Sikraura,AZAMGARH,7,7,829,0.2946080387656134,0.11216419746802572,0.7993833879521693,0.8038495217487461,0.20915783965717638,0.08857524831684134,2.0075773394799805,1.2465132808658719
Primary School Chandrapur Bichpuri,BAREILLY,7,7,829,0.14256604397516323,0.12849068369097164,0.29348018867803216,0.3130426452710324,0.17156198319273905,0.13795596908681482,0.4124742661125253,0.3548419699820108
Primary School Charkonwa,SONBHADRA,7,7,819,1.0981998941938,0.9534389202203124,1.1628800833512845,1.0871026758261286,1.2869490882115628,1.1780465574721315,0.4178424015907293,0.32870058020723275
Primary School Chobla,MEERUT,7,7,829,0.3203827833872441,0.19997412518981794,0.48599696833525524,0.5101133146945818,0.48212938638806135,0.35943121107398296,0.6436943777134296,0.47650943439918203
Primary School Cholahe,SHRAWASTI,7,7,805,0.5205578311309399,0.35430998312762646,0.9173092511390801,0.8502786972160843,0.6440248397364071,0.5506508295702919,1.125344999530939,1.1430482439278002
Primary School Dohriya,GORAKHPUR,7,7,821,0.620096397409171,0.6808139965885361,2.4700723021695152,2.475544985155339,0.7465505385719016,0.8306914159478977,2.244278355420489,2.136107882612841
Primary School English Medium Qutubpur Labdauna,SAHARANPUR,7,7,825,0.8137707216906727,0.6035440116263533,0.9677284654505676,1.018843785230567,0.9679267619295012,0.7092398684198175,12.162959113406524,11.544653677614459
Primary School Gudha,LALITPUR,7,7,829,1.2265591566403293,0.575262937175909,1.092721442878386,0.5751675741572023,1.5833561922069312,0.8512182909140292,2.2041828943888278,2.1386656919594254
Primary School Harinahpur,MIRZAPUR,7,7,737,0.6445282953916709,0.7031235454988405,0.6322857760192258,0.4311555823707214,0.486526906072583,0.5489015743940476,1.3670897588189703,1.310631810700295
Primary School Harivanshpur,SIDDHARTHNAGAR,7,7,829,0.6033941408070945,0.7693305405924228,0.8209706339161024,1.0314384937089671,0.7657825999830324,0.9552433666946509,0.6490420606081552,0.44571394123441344
Primary School Jagannathpur,BAREILLY,7,7,829,0.15962447576039668,0.13688681904307184,0.3278433758234464,0.320434113355256,0.14483723261882894,0.09270440764835823,0.14504054438147723,0.17910719181739806
Primary School Jagdishpur Pratham,GORAKHPUR,7,7,821,0.9034928843881554,0.2897710151920621,1.164233648044391,1.0759050232675695,0.9427034372918206,0.3381279559405298,0.6836656388892834,0.8700167114055913
Primary School Jainpur,GORAKHPUR,7,7,765,0.4774134382834623,0.2867112595061203,0.9159277655207708,1.3172021860465268,0.43553641632552265,0.23398168907205252,1.4677388294381821,1.7131628564495125
Primary School Jairampur,JALAUN,7,7,827,0.27913884052166266,0.27596347749780337,0.5171743252397278,0.5516576016778294,0.10232636887810392,0.061139309439702715,0.19995302282478614,0.06484848412150518
Primary School Jamunia,MIRZAPUR,7,7,821,0.9915198781957976,0.7222388163267318,3.2472672781689984,3.099692506105378,1.2198091013493297,0.8810863954098695,5.596722866964149,5.293944678061436
Primary School Jatmujheda,MUZAFFARNAGAR,7,7,829,0.6257748696549128,0.4569030877506663,1.012791682557288,0.9872159228757744,0.8445075374009037,0.6104054258019157,1.2718133840509092,1.049324452113631
Primary School Karwal,GORAKHPUR,7,7,764,0.5946194532513565,0.4720434087798992,0.9680786383764569,0.9725021214187105,0.5898326186092463,0.3635460997778711,1.5112621080479285,1.4149437565943734
Primary School Keshawpur Pratham,GORAKHPUR,7,7,746,0.46465616851306235,0.5116399646503568,0.7775290015421937,0.7049095996793462,0.3890262525339328,0.454782166188497,1.054890840362339,0.8991220101504053
Primary School Kucharam,CHITRAKOOT,7,7,792,1.2843754885425718,1.159861303972682,0.9746603469486623,0.736906503651822,1.3608501365076138,1.2430999579573936,7.395759397624127,7.937701886633902
Primary School Kurdi,BAGHPAT,7,7,829,0.5871293678108349,0.9647818645444438,0.9974347837799658,0.9042777950846758,0.6859679707707133,0.9802656255448448,1.026271945896216,1.1539768291960748
Primary School Madari,FATEHPUR,7,7,764,0.5190583150511255,0.46534742173292876,1.414354339224629,1.4904438167490084,0.6411266517530217,0.5782989172224171,11.157805543068537,11.244403018240103
Primary School Mainhe hardo,SIDDHARTHNAGAR,7,7,829,0.5998826049633813,0.7122893121901693,1.0578196452845712,1.2118967590809564,0.7975133997587875,0.9303771740361985,0.6201609689431306,0.4409942854747989
Primary School Masuri,GHAZIABAD,4,4,454,0.7915987106980709,0.06279921445882593,0.813321121771148,0.2555875742909161,0.8395681578879356,0.25061087352108863,0.9349116429634826,0.46264538677722716
Primary School Mohammadpur Gurjar,SAHARANPUR,7,7,829,0.4317600056903095,0.4140176803547718,1.0241105654455285,1.0601108391675493,0.41744945212436974,0.3502358241353566,0.6793443835601748,0.6453040244373867
Primary School Nandapur,FATEHPUR,7,7,816,0.48656644338678257,0.39810694128318946,2.577062788456118,2.6828338715815896,0.5741439577727048,0.4958218926098307,3.940155638631561,2.0834848088384788
Primary School No. 1 Barawad,BAGHPAT,6,6,692,0.3725580573281519,0.5989508858109964,1.0337386890108704,1.131130190874471,0.317517586000475,0.5048437494664763,0.28974605014214944,0.5052837383589543
Primary School Odaraha,VARANASI,7,7,821,1.6418689696099065,0.9575746916144864,1.8127489612348244,1.4469100210976023,1.6997122334145167,0.8443720451448573,2.893063538390291,1.6477484184323845
Primary School Pahara,ETAH,7,7,829,0.915111252411933,0.9228547445277028,1.5183622123764535,1.4099662269790232,1.003274984584001,1.005904294974815,1.8373352064383908,1.7004784830830915
Primary School Pinna,MUZAFFARNAGAR,7,7,829,1.223396167161961,1.0403675126230418,1.3317896448963567,1.342649499194444,1.4699140302476021,1.2184392624081974,1.1734003564371074,0.8097000409102127
Primary School Radnool Azizpur,BUDAUN,7,7,817,0.282782176522743,0.24271740110893744,0.2414932308323095,0.24487818509106238,0.2956102201617917,0.20991283422963578,0.41564369671866164,0.24746733955939818
Primary School Rathoda,BAGHPAT,7,7,825,0.831805262426508,0.4402323529242748,1.5918997663481216,1.7493640928393908,0.9010521059574332,0.4884071598870755,1.9360368773928351,2.167032775272941
"Primary School Sahjanwa , Pratham Pipra",GORAKHPUR,7,7,765,0.4453566583765558,0.2909177610141869,0.7474354414395881,0.510645953352965,0.43686011484871035,0.3071979321192778,0.9690909268719465,0.6903733027304979
Primary School Sahori,ETAH,7,7,825,0.37872804922713926,0.3609916797305571,0.5516349849798565,0.5197320921155667,0.4545635000574997,0.43783482638096133,0.5046246105905224,0.393736544554677
Primary School Salawa,MEERUT,7,7,821,1.1008124198565186,0.37350822238045706,1.6819720155616313,1.4982514414168782,1.3173400493777594,0.559735966164493,1.3163196077900898,1.1029355369429366
Primary School Sanda-Sanee,BANDA,7,7,829,16.89319019699659,16.952154238001768,18.364019095790383,17.569960358977042,16.773625466272154,16.873054384487588,22.602803639051174,21.534936030847142
Primary School Shekhpuri,MEERUT,7,7,732,0.476151922163526,0.2601539150676123,0.4053513504745729,0.25667015496190326,0.6038313516544127,0.2504615252588667,0.3430724978993372,0.33182682257251506
Primary School Sonda,GHAZIABAD,7,7,825,0.2692258342517274,0.12858386147520307,0.8323038431022309,0.8983835052591143,0.20369369507499188,0.19951114647443405,1.098135528286399,1.0911828413714961
Primary School Vamanpura,BUDAUN,7,7,829,9.021099475876914,25.019663944470885,6.796859258567841,19.309720308910194,9.140686369639024,25.27061681510971,9.542180818389264,19.646496243991663
Primary School chandsina,MUZAFFARNAGAR,6,6,625,33.773107990374264,30.778098217482263,32.302142582404,28.45368060868939,34.03631473209017,31.084580906108684,38.70779349919114,36.26471894067779
"Primary School,  Todarpur",VARANASI,7,7,735,0.6147482082140543,0.7352523756228845,0.9358909758249361,0.8828585751676629,0.5412773146798492,0.5915494163332767,1.7834548404121293,1.6997991403573316
"Primary School, Anrabali",MEERUT,5,5,487,0.7600598512353415,0.3850082623779562,0.6841612005341753,0.4985417120762555,0.9504012322991205,0.5841884436562338,0.5310611857755904,0.495920120205865
"Primary School, Asara Bighawati",BAGHPAT,6,6,715,0.8427766835134948,0.8690646320140344,1.2408486828373964,1.115307709071128,0.7802850124207082,0.8203678985140302,0.914656370588068,0.9195565438125685
"Primary School, Badagaon bharati form",JHANSI,6,6,686,0.5178240931402837,0.2837999952206885,0.45956727291534605,0.3592493436021955,0.697969695647462,0.3962789916214,0.6369984904632544,0.6951975176463641
"Primary School, Baghpokhar",SONBHADRA,7,7,747,0.5611987879566263,0.5657711347241664,2.878704238995559,3.076226878528746,0.5500774773123943,0.5437562248788397,4.794318701309846,5.111842486946288
"Primary School, Bamhoori Khurd",MAHOBA,7,7,833,0.8895102231398608,0.975529461907824,3.1233355871426616,3.199592641549383,0.8906123707147549,0.9407541678816663,4.640591311100741,4.794889892651477
"Primary School, Bandpur",BAGHPAT,6,6,690,1.4473128312158459,1.2486302863367789,2.669876578211483,2.3536354045371706,1.6019502705570723,1.4073845492456922,4.1200911698941445,4.045307664314091
"Primary School, Bartha Lala",DEORIA,7,7,757,0.4962885268161481,0.5111857218949084,1.1873134026379237,0.9476819767338422,0.5122383022514434,0.39033899774927694,1.632846677659745,1.5182549409516854
"Primary School, Basti",JALAUN,7,7,721,2.4128362087158792,3.342650330916611,2.209881411262379,2.6235353543117363,2.6386385332107456,3.5274853618604363,2.2654390095185337,1.999147242990557
"Primary School, Belatal",MAHOBA,6,6,675,1.3545050863868018,0.796366423508926,1.3777684673846493,1.065137665620229,1.600709651127216,1.005551629333587,1.2024193125701477,1.133784305572493
"Primary School, Belaukh",SIDDHARTHNAGAR,7,7,746,0.5370689197878655,0.37885897961953313,0.7188149493130676,0.4947609218760723,0.5154158195490468,0.45725205943013586,0.9347125027639426,0.6272129705617171
"Primary School, Bgra khisani bujurg",JHANSI,6,6,704,0.28712877431254175,0.24290353320438032,0.7392443986107412,0.6185359524179247,0.31470878863219476,0.21801914714148685,0.7213999409530353,0.6128699796687438
"Primary School, Bhadauda",MEERUT,6,6,692,0.5749274504791382,0.5914078237168623,1.0950125732783396,1.0376512640128779,0.7636623115333769,0.7511584088171313,0.8146009128511597,0.7608681074336879
"Primary School, Bhagwanpur",BAGHPAT,6,6,709,0.5331561875144629,0.5272550507599818,1.8330760389474638,1.9000504300123828,0.6455476468782584,0.6259169537160567,1.110535370136373,1.1457632065661887
"Primary School, Bhalsona",MEERUT,7,7,817,0.3624513545157729,0.2733174380994184,0.639361492908266,0.7090477173227853,0.25456287593580335,0.22833847143317892,0.5319128470662791,0.5500282879880644
"Primary School, Bhartpura",LALITPUR,7,7,721,0.9579643706419627,2.169030930697122,0.7930500011876147,1.2503538178935445,1.0856822024389465,1.5785167997016847,0.7685903352623802,0.7469344701368196
"Primary School, Bilata",LALITPUR,7,7,726,1.4462630357648043,2.8191250322994086,3.0182175472062327,3.339921170274639,1.6898092392260378,3.0650421785591173,4.345055232357646,3.7675033865754046
"Primary School, Block Office",BAGHPAT,7,7,729,0.31545284476496105,0.31105978028769204,0.7646554319807212,0.7393971769112998,0.3831911118977265,0.370807904977462,0.606912537639223,0.4379125886154176
"Primary School, Bodha",BAGHPAT,7,7,837,0.43508281438758295,0.3865436727642276,0.8344951733580955,0.7724125289539958,0.4609110529730231,0.4104973284208721,0.5061419651802254,0.4517497268667754
"Primary School, Bohra",JALAUN,7,7,837,0.4666367085168614,0.39744198582547197,1.0870083901417444,1.2187310466956331,0.3216546912848288,0.39093670578108625,2.971603638556584,3.1526280540719407
"Primary School, Brahmpur",GORAKHPUR,7,7,765,0.5964993282804929,0.6532348673744376,1.4929746241164563,1.4115934056435617,0.5622093922166352,0.5931189008402441,2.2036109655673117,2.154673318941674
"Primary School, Chariya Bujrag",DEORIA,7,7,772,0.4477713250870968,0.41916731863525103,0.9514069640678029,1.1073379029082258,0.43154278057033424,0.28120372731428184,1.3378893983946711,1.6331151388667104
"Primary School, Chiplatha",JHANSI,3,3,344,0.5625019487486478,0.5584036890170616,0.7467423539315635,0.9503845052525021,0.4473815729564386,0.5304749406246686,0.8335299203090579,1.2396883431244738
"Primary School, Dagarpur Tigadi",BAGHPAT,7,7,837,0.3459967878676699,0.3787754241369026,0.788898619307825,0.8841109413759882,0.25279239669613557,0.3037847579242048,0.5424034410057811,0.5521533578682273
"Primary School, Dera Devra bujurg",JHANSI,7,7,802,13.563141205140754,12.407592839808691,10.086081617347924,13.203437999964729,14.33800812270261,13.368125483982125,13.986944683782808,20.132850521930393
"Primary School, Dewari",JALAUN,7,7,837,0.47147352358915834,0.4334768669411717,0.7567449368291146,0.8471303977398291,0.3752170538451437,0.3063963737709744,0.7123257385707737,0.7640992187349942
"Primary School, Dhanaura",JHANSI,7,7,778,0.5917094691454593,0.21293305018709485,2.5060962976327095,2.566836822961679,0.45385205825826186,0.32011148180538174,3.2554913607462215,3.0224432155247243
"Primary School, Dhanaura Tikari",BAGHPAT,8,8,861,0.8407267846980251,1.8787354121086108,1.575978597943078,1.7790458272699579,0.822010315670267,1.9275607965552561,3.1780082608897944,3.3757828894895607
"Primary School, Dhankharpur",SIDDHARTHNAGAR,7,7,746,0.50448199957605,0.4535403793861222,0.7777983323964648,0.889553935429611,0.5148848536904735,0.4321955569017216,1.0142678423943892,0.8824727888255326
"Primary School, Dhikana",BAGHPAT,6,6,647,0.8865185775826537,0.9503457591970346,0.9281560510143915,0.8800879305949967,0.8450608191824269,0.898379551559176,0.9887970779876745,0.9161419175110543
"Primary School, Evani",JHANSI,6,6,691,1.1346808805321575,0.5685232826793428,1.8967627841876915,1.6999651420917212,1.3976191009344645,0.8770554180897522,2.768382591227242,2.851447092616439
"Primary School, Gaidaira",LALITPUR,5,5,584,0.6535693086768565,0.750213162266753,0.7329755529053289,0.9061063998410174,0.8359094628644649,1.082407611150273,0.9811715403618544,0.9699874161554883
"Primary School, Garher",JALAUN,6,6,683,3.021837944133511,2.082014424836337,2.5000552827968385,1.6070679359814741,3.279432218119367,2.3125132650201854,2.363084781123597,2.09755214545277
"Primary School, Gauripur Javahar Nagar",BAGHPAT,6,6,681,1.4173426033123286,1.4238074490466788,1.6870262451536695,1.757049854094385,1.5732456033950872,1.5741907862164912,2.6462116756032734,2.4220832184686603
"Primary School, Gotaka",MEERUT,6,6,720,0.9605820138565809,0.8185087135095747,1.6400065436439366,1.3750223538147568,1.005537469357222,0.8911125591807016,1.1920871253674858,0.9054489034055097
"Primary School, Gursarai tahrauli tahshil",JHANSI,7,7,837,0.3802684170534813,0.3635439544219757,2.778631537322633,2.8418354240965944,0.2632963133704262,0.32837634085516826,3.7473203839917217,3.764252196711377
"Primary School, Jhaaro Kalan",SONBHADRA,7,7,755,0.688357227373215,0.5870824107711808,1.2074027764140984,0.966243994457094,0.5456739522586194,0.33208028675942997,1.784808740101468,1.8383791345938194
"Primary School, Jogehthi",MEERUT,6,6,711,0.18236151341301704,0.18349231600053006,0.6277649805078088,0.7155122291810713,0.25214135592443765,0.2890910270360463,0.24716710770229494,0.19819235283110673
"Primary School, Johadi",BAGHPAT,6,6,681,1.2792454162600968,1.268149167387041,2.0219731544129256,1.7549308419129357,1.2397585359276835,1.2403877908558822,1.4096988526826422,1.382392102396609
"Primary School, Kailgwan",LALITPUR,6,6,719,1.5170562067476654,1.1072834079885423,1.468828271889305,0.8068773872759463,1.8205417717434516,1.3040187236167196,2.1577653689477274,2.3501350842159052
"Primary School, Kakadipur",BAGHPAT,6,6,709,0.20469694353576096,0.19078085007596748,0.7307616620112298,0.7674027186347071,0.1956254114640781,0.18735287857468186,0.6581504218885472,0.5624324560784715
"Primary School, Kakaurkala",BAGHPAT,6,6,705,0.7316217456019335,0.3024834611317509,1.3967748219118392,1.5857591776603324,0.8638043810457322,0.4383377574470453,0.9126529416728698,1.0936717366179183
"Primary School, Kalan Bar Devran",LALITPUR,6,6,624,3.848577496057959,3.2652787068623157,3.3598648508673996,2.693896922799338,3.8968261573679137,3.013747174384058,2.7831070233507837,2.9133237546622186
"Primary School, Kalani Khurad",GORAKHPUR,7,7,753,0.424695349764892,0.5022211835861088,0.540254133383954,0.6262079508789323,0.3602083635435567,0.33349597687214855,0.6805128555098101,0.6945030518919997
"Primary School, Kantit",MIRZAPUR,7,7,746,0.8590300225328411,0.9250165037723236,1.1566273785534213,1.3520014354563994,1.0296842575269112,1.0190011205847556,3.054525885119525,3.197768037960724
"Primary School, Kaparwar",DEORIA,7,7,765,0.6842403847900997,0.36925459644425157,0.75291192541196,0.5911623740426871,0.6918294252889934,0.35005541952959646,0.8937486121425126,0.8631064252969551
"Primary School, Karasdev Mandir",LALITPUR,6,6,691,6.122311888877349,4.287480232061949,7.031106196130767,7.020059490534108,6.342653054919334,4.49166301720501,5.471264306632751,5.503343377031896
"Primary School, Kevtam",SONBHADRA,7,7,738,0.6105214127510425,0.49774409353571275,1.0485817264627688,1.013956477252116,0.5332573902276505,0.2504070571391663,1.6728420784862001,1.6443562364588007
"Primary School, Khandeura",BANDA,7,7,758,1.995149174318137,1.811722771615761,2.8620569246908936,2.8059062751290775,2.102957685287482,1.9339907912659264,4.45301085051005,4.7474581703649665
"Primary School, Khiriya",JHANSI,6,6,709,1.188748445193559,0.6688197232567157,0.981329874887014,0.46155123914746576,1.3856297025110036,0.8758183552422855,0.6657980196168113,0.35343373303327086
"Primary School, Khujurahokhurd",JHANSI,7,7,721,3.2342835075763667,3.0785811223729436,4.302951298802706,4.044188408189067,3.340210083725215,3.1989545186296446,5.909048032765208,5.816130002446398
"Primary School, Kodai",VARANASI,7,7,740,0.4886822221503215,0.436882454236433,0.9664816796315107,0.8412179442134272,0.45253090353060565,0.3305311920706021,0.6854558172486369,0.5534823116384866
"Primary School, Koilar",VARANASI,7,7,746,0.6404785316701482,0.6755420668039793,1.8583102690448492,2.1803917167433395,0.4626653124638366,0.5292835286645415,2.1733455502022387,2.6918283080353533
"Primary School, Kritikhand",FATEHPUR,7,7,829,0.7493489866279791,0.5821313638534017,0.893816348563256,0.855025741697955,0.7926827299156524,0.5706840175794373,0.9799935814709114,0.8408714734258909
"Primary School, Leharthkurpura",JHANSI,6,6,716,0.6546604727688561,0.19194503199735044,1.033601922407661,0.7320049885446402,0.845599556688307,0.3044385092566319,1.138470697088865,1.0247033945854773
"Primary School, Manupura",LALITPUR,6,6,653,0.48334052277401546,0.571677242446652,0.9505357647849344,0.9797821787376639,0.6334486064352369,0.7854290151236619,1.3240693084017086,1.136092796010006
"Primary School, Marry",JHANSI,6,6,687,0.3482104867886368,0.11373378542402623,0.6711833974935413,0.4562263614582325,0.5568769512399437,0.3422501770058127,0.6024549701191958,0.5572627354899489
"Primary School, Masaurakhurd",LALITPUR,6,6,719,0.5183400334658419,0.2938561999730769,1.0710685513368845,0.9772905876681387,0.8084350376834413,0.5154128305147128,1.9387153236199066,2.0104348273503287
"Primary School, Mithabel",GORAKHPUR,7,7,762,0.38399578205387574,0.3722455124413253,0.569395601739728,0.502826476590622,0.34989414069884556,0.3961058420441838,0.392828800087257,0.5267394643404374
"Primary School, Motiyari, Mahuaa, Banda_1",BANDA,6,6,657,1.4189138909653043,1.108781242399118,1.050252307231845,0.6778533866119734,1.5803042701418337,1.2706040681782707,0.5939865300427998,0.1524865602001263
"Primary School, Narokhar",SONBHADRA,7,7,743,0.535836760042668,0.4348379979574861,1.318394554651126,1.2494427557965018,0.4564143139810072,0.37483693353046665,1.8982370981839098,1.9596580203016125
"Primary School, Narouiya Daamar",SONBHADRA,7,7,754,0.5651843965505258,0.4827007855465331,0.46638365323310116,0.5569391724494646,0.5078819811898059,0.45963677444593126,0.71184027940412,0.49114050336702963
"Primary School, Nota",JHANSI,7,7,725,1.643840166587339,2.4841826844313357,2.018299243816818,2.444327030043627,1.76094765448182,2.567888664107021,2.7129152213015315,3.356812176165952
"Primary School, Pachar",JHANSI,6,6,720,1.0273777766186758,0.9367523135796527,0.8059199646040994,0.7171457616157497,1.2035887625677288,1.0918030308352102,0.7613510833714972,0.7441582319961833
"Primary School, Padra",JHANSI,5,5,554,0.3916614919081786,0.3656038696157998,0.5878497276962832,0.6748262030722624,0.6329984546238268,0.6301178357541283,2.8590753104778117,2.1322772634263596
"Primary School, Pakarhut",SONBHADRA,7,7,738,0.5869045412050359,0.4250513109151291,2.1299210949206886,2.3308836309092564,0.5475707537835752,0.5232438962613147,3.5739184831763007,3.694431102870796
"Primary School, Pali",MEERUT,7,7,804,0.41035464143822464,0.5680099752967749,0.7082744579200593,0.7797633926982283,0.5617187092599191,0.6629670694446899,0.5633527140940024,0.6480390287917093
"Primary School, Paraon",LALITPUR,6,6,704,0.9331327078052541,1.0268787528962333,1.1883000407144244,1.1152733638644858,1.2382014029357737,1.3326969661065533,1.7182765187058007,1.6262391197112331
"Primary School, Pashu palan Vibhag Masuri",MEERUT,7,7,837,2.727230278780284,2.7991705624214736,2.2263836340890584,1.95830073246376,2.692179862003779,2.7528989566085578,2.7231819218762587,3.125285621148496
"Primary School, Purakalan, Talbehat, Lalitpur_1",LALITPUR,6,6,671,0.35244654850992163,0.3541600769514524,0.8327309959949986,0.8127465266205278,0.22523287805489733,0.23010468343319138,0.7519684472031307,0.8482814980889303
"Primary School, R.K.Inter college",BAGHPAT,6,6,705,0.5676711751675654,0.33711312252119013,1.6543573300972647,1.9645259292378345,0.5949146113212185,0.2777778819569906,1.3060505595377816,1.5134885242448435
"Primary School, Radhana",MEERUT,6,6,713,0.36384875350284274,0.41669971603399864,0.35583168934566034,0.31082409853816445,0.5301159674588792,0.5529762968533721,0.7510232514287595,0.721854989100548
"Primary School, Safpuram Chandpur",MEERUT,6,6,691,0.6595280979865067,0.6363231847528951,0.9863439307756257,0.7599380643840301,0.7187318977745263,0.6963107286872371,0.5902340128669473,0.5288844298729516
"Primary School, Saina",HAMIRPUR,6,6,622,2.5769145605336425,2.38781197866707,4.285121064778076,4.639755987032783,2.6369494022209086,2.4482630639940743,6.474364528085512,6.92305542154558
"Primary School, Salhepur",FATEHPUR,7,7,829,1.333388910347589,1.2163492665221736,2.011150797040097,1.8302065918328316,1.4159789021385538,1.261076964570272,2.4757729093290344,2.3081175084981513
"Primary School, Sangholi taga",BAGHPAT,6,6,707,0.6411912625307578,0.5182957643021541,1.1174308769510057,0.9314585812729056,0.6728178741785285,0.5475209479146954,0.5753669723635151,0.4605250026514625
"Primary School, Sanori",LALITPUR,6,6,711,1.038721757294353,0.830979641778322,1.2476300204929052,1.2369389301900924,1.2912249291417293,1.1880800127636544,0.5330968654469211,0.44041711933646455
"Primary School, Sarwa",JHANSI,6,6,713,0.6697095748071048,0.25726634177880464,0.5927011615500645,0.2765213333571752,0.8114971484243118,0.4073826777595183,1.5466989200057595,1.743436985048021
"Primary School, Shekhar",JHANSI,7,7,777,0.6537737030256552,0.42634415470079984,0.5497997844101699,0.46935414187011576,0.5266061430928741,0.3636041666053994,1.9627818125482361,1.5283375793483627
"Primary School, Shivpur",MIRZAPUR,7,7,739,2.064474798951911,2.080337420932731,1.7132231019190423,2.048758589979548,2.1408858824522077,2.188160779974521,3.558388032602045,3.9971662397907495
"Primary School, Silana",BAGHPAT,7,7,835,5.730765087672692,0.9727140726485072,3.219800876396465,2.607620746416727,5.823539388131244,0.9948600943262398,2.644365220965719,1.5329057343252979
"Primary School, Sirasi",SONBHADRA,7,7,738,0.4692415844565851,0.4158965984484208,2.5406721251292432,2.578169650548852,0.4242344813431622,0.4048237994032118,4.494234491779278,4.733328982710945
"Primary School, Sirjam",DEORIA,7,7,773,0.5154959971962684,0.4835478280496614,0.6367903031442079,0.629508620097098,0.42126525038594026,0.3382528770194812,0.5817375461342971,0.3788509678007587
"Primary School, Surikalan",LALITPUR,7,7,723,1.2251915943581697,2.0150433108681374,1.114329268554667,1.7853760860735564,1.4115178495922653,2.162081758620398,2.1006809099039847,2.0313788376722983
"Primary School, Tewalagarhi",BAGHPAT,6,6,683,2.091253541831992,1.4033664264765484,2.9014379148950504,3.616884568164627,2.3082044151023884,1.5678471133700882,1.9944366049845546,2.1834426743189392
"Primary School, Tilaura",SIDDHARTHNAGAR,7,7,754,0.5345632700926807,0.5129798900110719,0.6061446749325928,0.5373075445150702,0.4675863484563536,0.5083324397829895,0.8552036243522759,0.810815991477001
"Primary School, Vansha Gram Panchayt",LALITPUR,7,7,733,0.6212288578446803,0.5820716799353315,0.5207444400164725,0.4437994733221356,0.9304495380714368,0.8869697661282832,0.605185133900318,0.655684314013121
"Primary School, Vijaypura",LALITPUR,6,6,666,1.5092542758728338,0.8645751993631283,1.4764979101049314,1.3864324440694311,1.8116973348028949,1.1896265848570333,1.3265001702897947,1.7135874521466177
"Primary School/ Composite, Alampur",SAHARANPUR,6,6,717,1.3179087137286614,0.4908837763375172,1.5253858050867914,1.5165525615452118,1.4234254501911714,0.6526641136187444,1.1048936902473954,0.7344874791718278
"Primary School/ Composite, Bhojpur Taga",SAHARANPUR,6,6,612,0.737271941857784,0.4003819629132058,0.7068502802574511,0.5293889432104075,0.9006297313246924,0.44530107245916156,0.6054497117434565,0.7357559106981845
"Primary School/ Composite, Chaappar",SAHARANPUR,6,6,694,0.39114433675250565,0.3663520353431401,1.243715899114913,1.4064422722943513,0.5131820692398801,0.4596123428133106,0.8317997353925491,0.8218720482695899
"Primary School/ Composite, Chittora",MUZAFFARNAGAR,8,8,857,0.8315090385943539,0.7367497141300249,1.045998398734795,1.0891847805770627,1.049563639362142,0.9859381111106936,1.1171483223061067,1.16219441296008
"Primary School/ Composite, Dadheru Kaian",MUZAFFARNAGAR,7,7,721,0.37970317118325203,0.4551028954472682,0.5322420589941482,0.3822392339372445,0.5074124550628267,0.5915907636955835,0.358698133868314,0.4409170092918763
"Primary School/ Composite, Dholla Majra",SAHARANPUR,6,6,705,0.6451731831070462,0.736844911959368,1.2152047140936455,1.3342936799285179,0.8399347463707475,0.9103036256210596,0.9682046370241761,0.9570886107379687
"Primary School/ Composite, Fakreda",SAHARANPUR,6,6,696,1.078560179856456,1.0868108396168226,1.6632875390336834,1.5691911035934039,1.2758239314555027,1.249418250437358,1.802588163724295,1.6804148724402903
"Primary School/ Composite, Ghumawati",MUZAFFARNAGAR,7,7,837,0.23015805544209578,0.20947315006436174,0.33252952897138116,0.3663773798590829,0.337179383295565,0.3686150869448712,0.18576012581656415,0.10995072511977834
"Primary School/ Composite, Haibatpur",MUZAFFARNAGAR,7,7,721,0.6972173704860655,0.6173723648889851,0.7648686375050731,0.6286671310599752,0.8898387702129725,0.8044557995661786,0.6681596199804639,0.7310858837677314
"Primary School/ Composite, Harsauli",MUZAFFARNAGAR,7,7,721,1.8267733250391687,1.953857556748314,2.235777617641994,2.4856334732956356,2.0472450669570597,2.165023753265953,1.8854947181512056,2.169342185801314
"Primary School/ Composite, Jaula Dindauli",SAHARANPUR,7,7,761,0.5207101202821146,0.48133827650759975,1.5188377175647771,1.5822688145992565,0.6647652589329346,0.5631647618905584,1.749029528894055,1.748066065043863
"Primary School/ Composite, Jeevna",MUZAFFARNAGAR,6,6,695,0.6457577846922338,0.7790772906834562,1.3479369446421898,1.3181290472851668,0.8015504846733182,0.9056126778069494,1.1624630447829922,1.0211553594968628
"Primary School/ Composite, Jhabiran",SAHARANPUR,8,8,865,1.8644774606870185,1.778765267541839,1.8844768173600837,1.9006917146892253,1.9946235388595055,1.7770957970541843,2.0365151330291766,1.9924647571773382
"Primary School/ Composite, Jukhedi",SAHARANPUR,7,7,839,0.37109682325980503,0.36588994812550885,0.8859022766203946,1.0468562833239243,0.38651454824235404,0.3774419943601933,0.6615767802303519,0.6424274760655615
"Primary School/ Composite, Katla Naveen",SAHARANPUR,5,5,590,0.4420792800716705,0.5904140426483031,0.8638108702674918,0.9271887662129578,0.6227944117228144,0.7604791919939035,1.187080969682121,1.2542926697655012
"Primary School/ Composite, Landhoura Junardar",SAHARANPUR,7,7,771,1.9988004421040848,1.5075476562414802,2.174609837608078,1.8239835633865926,2.204385502287066,1.6740533217672178,2.4284377736497498,2.089793038841046
"Primary School/ Composite, Mandawali Khadar",MUZAFFARNAGAR,6,6,714,1.350994199739788,1.8039076240257625,1.914516254758523,2.275155182701294,1.5801695976264594,2.0469553958329993,1.5771602549887604,1.0711358835453695
"Primary School/ Composite, Manganpur",MUZAFFARNAGAR,8,8,849,0.6277644263667012,0.5648544716679529,0.8646617795596397,0.6574745031154979,0.7910546149252501,0.7576562891675072,0.5518763309292799,0.44112825791476357
"Primary School/ Composite, Manoharpur",SAHARANPUR,6,6,701,2.413908726026629,0.536353960110748,1.936766575107729,0.9384607391535446,2.480047351750679,0.7671133193474238,1.9675634563729922,0.5488441431941479
"Primary School/ Composite, Manpur Qadeem",SAHARANPUR,8,8,855,0.27705410108589584,0.21728408984269965,0.598784590804925,0.5656875233225067,0.32034837283766315,0.2988958614795848,0.6922123016922302,0.754868848552929
"Primary School/ Composite, Mehmoodpur",SAHARANPUR,5,5,571,1.7874392507225028,0.7076556200892385,1.8860943749038726,1.7212156009993809,2.0082358854991305,0.9305160872359051,1.9474977714917736,2.2339996565079803
"Primary School/ Composite, Mundi Kheri",SAHARANPUR,6,6,649,0.2980400248467552,0.34584370361677047,0.639899426927657,0.6577565379498082,0.4742938630887192,0.5189003083028837,0.733927198572096,0.7567474920886142
"Primary School/ Composite, Nagla Rajput",SAHARANPUR,6,6,681,0.23116318812085138,0.1608178684764791,0.5098200924675029,0.5435489567712358,0.3511727654067494,0.2902355886973096,0.3754313655697898,0.3947932864229452
"Primary School/ Composite, Nandhera Khurd",SAHARANPUR,6,6,663,0.5656853198635707,0.41703362502643043,0.8604214337817486,0.7670636023064702,0.7162092364320202,0.4477925646664095,0.9272376752729967,0.7967908751972622
"Primary School/ Composite, Nasrullahgarh",SAHARANPUR,7,7,721,0.2930057861863502,0.23172229694922816,0.5644531281219025,0.5863728248146034,0.44631291626676045,0.4242758430145632,0.858297101542011,0.9194183899853505
"Primary School/ Composite, Nunabadi",SAHARANPUR,6,6,695,0.7065628466758741,0.3742294458019535,1.111413102980293,1.2144980110213877,0.8682830154795538,0.3377143010950195,0.9761154289951319,1.1018594381109448
"Primary School/ Composite, Pawti",MUZAFFARNAGAR,6,6,623,0.7656287646018874,0.9667447606002235,1.0923303778746656,1.3245207621418338,0.9780564297228775,1.2536589754994276,1.0101681078051101,1.2294143254504093
"Primary School/ Composite, Peepalhera",MUZAFFARNAGAR,8,8,849,1.0618626236060154,1.340838081867354,1.182154546228473,1.3483131753169897,1.269267282661703,1.5844849569456219,0.6974162280147824,0.7722352825384383
"Primary School/ Composite, Rasulpur",MUZAFFARNAGAR,6,6,708,1.2055303425701926,0.646016720167807,0.9903163499910567,0.5903868991250143,1.3252238037671518,0.8077551529851185,0.826433586020826,0.48495715151447777
"Primary School/ Composite, Sidki",SAHARANPUR,7,7,721,4.012388239238784,0.58371405894672,3.5939956782050166,1.8888281125881285,4.092264964958487,0.775316989825505,3.821196143251019,4.409890355072325
"Primary School/ Composite, Tandheda",MUZAFFARNAGAR,6,6,692,0.38481477469049574,0.4968624009881858,0.8385100058336854,0.8001831743159159,0.5558641488165279,0.629672757172692,0.5636094786385629,0.5036173166406908
Prmary School Rajpura,VARANASI,7,7,821,4.085723448544065,2.0947261713188285,4.317700290030838,3.318676562863191,4.279772852792135,2.3069535062847715,5.192908688002391,4.465004280563059
Punchayat Bhawan Bhaluwani,DEORIA,7,7,820,0.9632098430165071,0.7521219377921146,1.643258408577437,1.6890082437984366,1.0717689178185916,0.8290297187778015,0.8553525359446543,0.7306557063081861
Punchayat Bhawan Vijaypur,MIRZAPUR,7,7,821,0.8266839268351523,0.45038958368910076,1.3803208193709002,1.0932455653374764,1.0623663229988218,0.582610691594158,2.1277449838960827,1.759221739708865
"Purv Madh Vidhyalaya, Doomradeeh",SONBHADRA,7,7,746,0.4596401636135705,0.44394828652769186,1.3607060479339468,1.3394867475770915,0.392413347027207,0.26129904723602315,1.7216711111934013,1.4975662260609683
"Purv Madh Vidhyalaya, Shivpur",SONBHADRA,7,7,739,0.5248910574056359,0.4636190252816054,0.8860504029328238,0.9047811431131875,0.4483820220761964,0.49745133797822644,1.4515494015801522,1.5302593434947587
"Purv Madhyamik Vidhyalaya, Doriya",SONBHADRA,7,7,731,0.49011882905911797,0.5334116125387285,5.616683863482696,5.531921563238947,0.5756169423068258,0.6628779495456166,10.15157495285447,9.00790410495623
"Purv Madhyamik Vidhyalaya, Fattupur",SANT RAVIDAS NAGAR,7,7,755,1.34144821011603,1.8449468210402804,2.2149060513773,2.1448512216462325,1.453342644812026,2.0430159381266044,1.9461420008790726,1.7481727144460664
"Purv Madhyamik Vidhyalaya, Mahooli",SONBHADRA,7,7,755,0.4853068880054903,0.47647736153927794,0.7099266577362788,0.566069751872049,0.4346379434886396,0.432242855351845,0.6583552504302017,0.547840717403429
"Purv Madhyamik Vidyalaya, Mujehra",MIRZAPUR,7,7,746,0.49993482280270857,0.2950774892278576,1.63536130105188,1.457800464427699,0.5019860420947145,0.25065244669205666,1.455900601364935,1.0470295815746842
"Purv Madhyamik Vidyalaya, Ranibari",MIRZAPUR,7,7,738,0.6194380128659165,0.5499765248211541,1.6380808138084293,1.4965926235049274,0.4573318736537543,0.3489584704254931,4.201929136839486,4.2081334832320145
"Purv Madhyamik Vidyalaya,Bharpura",MIRZAPUR,7,7,746,0.5332310562154048,0.40650392273363306,0.6679519444106082,0.6199050759063874,0.586867665360448,0.53142967156656,1.9104954860468524,1.9228300611061029
Purva Madhyamik Vidhyalaya Achausa,JHANSI,7,7,829,0.6205388849023602,0.4564214271720225,6.943292150042545,6.904428018779101,0.8587441057983731,0.6088531825802623,9.817979846814714,10.061621862415231
Purva Madhyamik Vidhyalaya Bhitaura,JHANSI,7,7,825,0.7946602195625835,0.34283043214519154,0.9686015265033804,0.7843917961329209,0.9549398223068009,0.5424805016505325,5.171055584916164,0.9077137833590497
Purva Madhyamik Vidhyalaya Ladwari,LALITPUR,7,7,829,1.02831722243947,0.39925545130984813,1.0741992171437107,0.40269442400168165,1.3057879829839238,0.5402808608077713,4.915590232827531,1.4677797935390136
Purva Madhyamik Vidhyalaya Piphara,ETAH,7,7,821,0.6456828521145009,0.5486134081631933,1.8720504439426577,1.9964850185612306,0.6910972075583544,0.6499085617046948,1.72154943346245,1.6742897494694793
Purva Madhyamik Vidhyalaya Sihari,JALAUN,7,7,829,1.115259020225105,0.8250186935265669,0.866473328537289,0.5802548314731024,1.236940655298744,0.8558088152462746,4.199686031534743,0.6322605966320939
"Purva Madhyamik Vidhyalaya, Chackwara",AZAMGARH,7,7,821,0.6212195374204685,0.7210366344583868,1.1477406039544849,1.1213630837688047,0.7261575123635036,0.836583603983783,0.5780885274237648,0.6491852620510463
"Purva Madhyamik Vidhyalaya, Chandapur",VARANASI,7,7,821,1.0869881280178886,0.48787049499858837,1.3304638242542561,0.9894368441689956,1.2124430345296253,0.5455064616113636,2.726472001822036,2.43475431805464
Purva Madhyamik Vidyalaya Chalakpur,SAHARANPUR,7,7,829,0.38698536667489736,0.4360408536668287,0.6779117883208908,0.7645939623140935,0.5501506111644624,0.5071303028170826,0.8842459367605106,0.8590094443290064
Pv. Compiergang,GORAKHPUR,7,7,747,0.43968281835159145,0.5065848386405957,0.5521004199777307,0.5177765897308317,0.48095758489509793,0.5481833961753615,0.8145020168771451,0.6694901452325435
R.R.C. Center Aata,JALAUN,7,7,821,0.44946484383346696,0.27052745349909296,0.46800896548726123,0.4267724085558386,0.6109660361780307,0.3242087045754184,4.499133983777058,5.411490450429464
RASULPUR BARGAON RAJKIYA UCHTTAR PRATHAMIK VIDYALAYA,KAUSHAMBI,7,7,746,0.6373635768336311,0.5061094312531028,2.3160903422952073,2.8208840097511136,0.6365282144433577,0.5193811023803568,3.237868852918252,3.527820423677524
Rajapur Sikraur,AZAMGARH,7,7,745,0.5763685249881556,0.416790507616579,0.8505764799868113,0.661080097863576,0.6567813194413413,0.49110173502692134,0.5653672350558121,0.8154768579914365
Rajkia Balika Inter College Kamasin,BANDA,7,7,742,1.24534941998707,1.3764874559337126,0.7175232507490513,0.7734815575293403,1.3899000496614362,1.4872999815434322,7.993945762800434,8.627148397412792
Rajkia High School Pakhrauli,BANDA,7,7,756,5.21154804011519,4.816028164934741,4.2498156517496195,3.709200086287524,5.159724357099209,4.792082158432005,10.103975896182689,10.230030918950273
Ramchhitoni Sahawar (UP-011),KANSIRAM NAGAR,7,7,839,0.3143889005959866,0.3137670953468714,0.96282159847628,1.0187368673164006,0.3888247561550415,0.37581718436721073,1.0855923401245944,1.0864305158425773
"Roadways Bus Stand, Robertsganj",SONBHADRA,7,7,738,0.5011321640706369,0.6133910059081734,2.1422883943140416,2.2009540458041106,0.4787457174896203,0.4658105272974237,3.641694525007578,3.116832523478713
SARAHARI PRATHMIK VIDYALAYA,GORAKHPUR,7,7,747,0.5916964145546926,0.4125861700412622,0.7731506134564003,0.7740872815330578,0.5532132059833753,0.321224433385433,1.114494081853362,0.9875633806513743
SWASTH KENDR PIPIGANJ,GORAKHPUR,7,7,746,0.579067727432008,0.6430045962620466,0.9069841284148121,1.0416008364698175,0.5263447973821032,0.6795967274597582,1.0444827500620593,1.332062318767913
Saint Ravidas Nagar Abholi Abholi,SANT RAVIDAS NAGAR,6,6,715,1.1684733271738161,1.2769839927808875,2.298511364240692,2.5625514851580755,1.152616996537541,1.111612647231596,2.339794565115919,2.4756041589232796
Saint Ravidas Nagar Abholi Gangarampur,SANT RAVIDAS NAGAR,7,7,721,1.880822631125108,2.4000229204903776,2.6024328681015283,2.72809721774844,1.9866729158447292,2.4989995567977084,2.714127084720816,2.6586107029408543
Saint Ravidas Nagar Aurai Ugapur,SANT RAVIDAS NAGAR,7,7,833,1.130262725791924,0.879371174568688,1.9941108940471097,1.9415253799484447,1.133123980079148,0.7120300809773294,1.6011079618984465,1.4410298839698799
Saint Ravidas Nagar Aurai Uprauth,SANT RAVIDAS NAGAR,7,7,721,0.5017337287428907,1.0339734968684087,0.9536562902124734,1.0608115361639905,0.6871893082577939,1.204533290944316,0.37856423618332574,0.6359720432001261
Saint Ravidas Nagar Bhadohi Munshi,SANT RAVIDAS NAGAR,7,7,837,0.5977617840970276,0.839110262010083,1.5314217276862718,1.65123155633239,0.47404329978252463,0.721693268019363,1.2648055556440463,1.1957587358660293
Saint Ravidas Nagar Deegh  Deegh,SANT RAVIDAS NAGAR,7,7,721,0.6249348646653056,1.0164962817298282,1.1962648189590614,1.0353132092045922,0.9155956509564347,1.2955699897398887,0.7255190642192408,0.8611004873736621
Saint Ravidas Nagar Deegh Velahua,SANT RAVIDAS NAGAR,6,6,711,1.4020115657753285,0.6469885900267272,1.6208731170736839,1.6376037958786418,1.5509323540202136,0.5665944078301078,0.8147666624745961,0.9058351669246855
Saint Ravidas Nagar Gyanpur Kansapur,SANT RAVIDAS NAGAR,8,8,861,0.5801814197829681,0.7639341040166402,0.7650543773290976,0.8971382274960048,0.42246133086665966,0.5378918461494465,1.051884456961482,1.3151810461026943
Saint Ravidas Nagar Gyanpur Samhai,SANT RAVIDAS NAGAR,6,6,713,2.0381312248854693,1.0804550199357912,2.252931125802064,1.8883462097333001,2.1397617597206002,1.0510237087088947,1.6114227585244836,1.3469341418440912
Saint Ravidas Nagar Suriyawan Chhapariya,SANT RAVIDAS NAGAR,6,6,669,1.2933849427630766,0.8924212200376104,2.318533877654259,2.267867070252516,1.2415470173104637,0.6947446971085924,2.720215717144603,2.588137034996659
Saint Ravidas Nagar Suriyawan Mond,SANT RAVIDAS NAGAR,8,8,861,0.7283909027786398,0.5596930097472466,0.8582931765403333,0.8189507380498999,0.6074264047527939,0.48429740139280575,0.9310693363415462,0.9289693134022537
Saital,GORAKHPUR,7,7,747,0.44420521478023556,0.3700690231685115,0.7816674902817509,0.6534842392235655,0.41584829477215496,0.27904808682644955,0.9236637285228602,0.8165437815169737
Salhakheri,MUZAFFARNAGAR,7,7,765,0.5180565055957453,0.34339464069843223,0.7827340860375237,0.8111259537832605,0.4883697097258541,0.2891344612258133,1.1675033938573838,1.2304907488811483
"Samaj Sevak Junir High School, Bhaura Kalan",MUZAFFARNAGAR,7,7,721,1.4102875006112472,1.4365828193040866,2.511965124031038,2.177002691118319,1.6168500970374473,1.6397153253090564,1.963490237176059,2.0523485950141005
Sanjhak,MUZAFFARNAGAR,7,7,761,0.5935818706075144,0.48571570586645707,0.7879010203712955,0.9153063750259439,0.632837512846855,0.4980037814647387,0.8116415269595707,0.6981991489448417
Satti Chau Prathmik Vidyalaya,SHRAWASTI,7,7,765,0.4633028943503454,0.36213103736724783,0.5406476090209589,0.5176658119295164,0.40644635242209665,0.38216331821403493,0.6412118716596505,0.588254288034412
"Shahid Chandra Shekhar Kanya P.M.V., Mallupura",MUZAFFARNAGAR,7,7,721,0.6401430208825047,0.7212685397344856,0.9254599227090785,1.0179416515957551,0.7833658432369713,0.8569216007048759,0.7005119562843916,0.6975657436476924
Shahjahanpur Bhawal Kheda Bhawal Kheda,SHAHJAHANPUR,7,7,721,0.5446542677455819,0.629185670366509,0.5060674771000616,0.4863312676001105,0.6987020497540002,0.7780441742017814,0.7193917369387914,0.6139026179738597
Shahjahanpur Bhawal Kheda Chak Bhitara,SHAHJAHANPUR,7,7,835,0.8823056880205706,0.8956154475699367,0.7742812405188442,0.8021238171191583,1.0312665085384465,1.0194595404009201,0.46946158238286373,0.29541259058386854
Shahjahanpur Bhawal Kheda Chaudhera,SHAHJAHANPUR,4,4,412,0.9380280885654971,0.8708632237902312,1.5958565230215027,1.6250786992873414,0.6796577962128326,0.7383171209618473,2.4358130603320602,2.485285153425419
Shahjahanpur Bhawal Kheda Ladhauli,SHAHJAHANPUR,7,7,823,0.5424525858718966,0.6833924257052932,0.667090683433902,0.7694621017016098,0.6766127095955181,0.7627338822702959,0.6233676495398031,0.651183582056307
Shahjahanpur Bhawal Kheda Shahbaj Pur,SHAHJAHANPUR,4,4,421,1.0079930976229103,0.8482368240753362,1.1137349740958276,1.103918304699529,1.0830799646837854,0.9508493530357186,1.87879971159014,1.4893402689217614
Shahjahanpur Bhawal Kheda Sutnera,SHAHJAHANPUR,6,6,694,1.0364219674677793,1.0217934829699722,0.8852477456889591,0.9863798536682162,1.1794297122886193,1.167801730113281,0.26269373128835216,0.24453938979136036
Shahjahanpur Dadraul Banthara,SHAHJAHANPUR,6,6,681,0.22829083379304882,0.17773343632229788,0.5979580943811511,0.64389809892408,0.3245743666955711,0.22872066073545877,0.49854888587608454,0.46405047517893383
Shahjahanpur Dadraul Saraura (East),SHAHJAHANPUR,4,4,423,0.8460883437312418,0.6700704163450117,0.8192022009211629,0.667676388880273,0.9205740278838938,0.7879557231394473,1.3304554441632626,0.9172447660998124
Shahjahanpur Puvayan  Badagaon Pratham,SHAHJAHANPUR,6,6,717,0.23751410943518167,0.2372117879302551,0.6392654377549258,0.7300199197488927,0.37898858148750647,0.3790331256552279,0.6764627901999263,0.7058998687566446
Shahjahanpur Puvayan Bhilawan,SHAHJAHANPUR,6,6,713,0.37647188208360904,0.3026324628476475,0.7436438933339099,0.786269041309876,0.48906620418798064,0.41465213448340554,0.6241419407794714,0.6022968664501317
Shahjahanpur Puvayan Mahua Pathak,SHAHJAHANPUR,5,5,585,1.2947330929918783,1.1026208636606056,1.0004362122266346,0.8959763366011437,1.4667564734681897,1.2790905576490308,0.7352689711378355,0.7565782664496046
Shahjahanpur Puvayan Nahil,SHAHJAHANPUR,6,6,711,0.26849225234471336,0.20098756617227478,0.4428266228968414,0.32468277468539664,0.3413569398183784,0.21047256160430036,0.38784846692427505,0.3609205866247269
Shahjahanpur Sidhauli Korokuiyan,SHAHJAHANPUR,7,7,721,0.9774635396591084,0.8233743446597263,0.7806774694161454,0.8469731385777084,1.072639120217671,0.9375155653620918,0.8129762221382799,0.925582192642718
Shahjahanpur Sidhauli Mahanand Pur,SHAHJAHANPUR,6,6,654,0.21986384240505247,0.1786073806276764,0.5474011025768283,0.5476614171057549,0.18445010062529663,0.14633012014411195,1.4737034484113412,1.353074847804649
Shahjahanpur Sidhauli Sidhauli,SHAHJAHANPUR,6,6,719,1.3319927008591492,1.2978073706325732,1.1403804634859265,1.1896846978331113,1.4644810389330454,1.4400509327512756,1.5925536731124317,1.783625417716045
Singhara Pr. Vid.,AZAMGARH,7,7,745,0.8386342843243184,0.7257485580651027,1.4503151457938035,1.3332842167761458,0.9605834506223302,0.8658275706162356,0.9209565008643625,0.8055302892734723
Sonbhadra Babhani Bhawar,MIRZAPUR,7,7,820,1.0153826872032878,0.9370686064514128,1.2837815594659903,1.3965524196115038,0.828513405308171,0.7902940075586734,1.5581747020337375,1.709453410972558
Sonbhadra Chopan Khairatiya,SONBHADRA,6,6,718,2.618755524229448,2.568849584274588,2.8653717883176535,2.666355909258662,2.9349657925235184,2.8375746912424824,2.4458195560218567,2.589971105486882
Sonbhadra Duddhi Mahuli,SONBHADRA,6,6,720,0.6751907069983745,0.5335301673178665,1.0989762487105177,1.066949276532845,0.9943354156451741,0.760081931018978,1.0061948318758187,1.1027204581643377
Srikantpur Pr. Vid.,AZAMGARH,7,7,761,0.5152522389894135,0.5127047143883074,2.7209035799207992,2.6493645873508913,0.509712537102235,0.551341901696349,2.448534989484438,2.5660951373571974
Sujanpura Badhyapar,GORAKHPUR,7,7,721,0.8904111502219699,1.135317176954607,0.7282575320167781,0.9319961410786042,1.0622728887429562,1.3191307117685387,0.397814576445456,0.31411783282205635
"Swarg Dham, Hardua",JHANSI,7,7,829,3.4004835095325276,2.824277082189685,4.024736398058582,3.399504723872957,3.6756093251614144,3.050439767051592,16.144312127331037,15.854564570338406
"Thana Prisar, Lalganj",MIRZAPUR,7,7,752,0.4716068513588266,0.4020153732543334,0.7763515999888544,0.890436202407625,0.46291956642423965,0.3303373250158966,2.299860867278551,2.2610437712436555
Uccha Prathmik Vidhyalaya Deaval,CHITRAKOOT,6,6,700,1.2343632188584124,1.0716827828508593,0.8827073189163734,0.6728553882880919,1.205688888494561,1.1151426992955773,8.931407962283998,9.131141892897578
Uccha Prathmik Vidhyalaya Devaratha,BANDA,7,7,829,1.1666518256805425,0.7765806814446881,1.1917198414246777,1.1367820738489347,1.3383135934858181,0.9437099454102367,1.0269143246481434,1.3483721501711399
Uccha Prathmik Vidhyalaya Odera,HAMIRPUR,7,7,805,1.0414865453512672,0.4144055217333251,2.2970180057181078,1.9145091860652539,1.268276646301977,0.5294609112907491,4.921441315587118,5.2665253821135645
Uccha Prathmik Vidhyalaya Uldan,JHANSI,7,7,829,1.4576756103479007,0.3885224645406786,1.4846611494557833,0.21910110795244608,1.4629419655706621,0.589545408420324,1.9121057874225826,0.7623204662762058
"Uccha Prathmik Vidhyalaya, Chero",DEORIA,6,6,687,0.3775013161034174,0.30396028016702703,0.5485968425912374,0.4580882733988714,0.4460778014314008,0.2916904102477682,0.5834103168426137,0.4891315140336323
"Uccha Prathmik Vidhyalaya, Gangapur",FATEHPUR,7,7,829,1.1186984973536789,1.037225843783513,2.1775699056270588,1.991570213533725,1.159573686955221,1.0433012457191413,3.0638980863787424,2.6970932393901927
"Uccha Prathmik Vidhyalaya, Hasanpur Kadim",MEERUT,6,6,703,0.2321361387828832,0.2335224393475444,1.4610105108279972,1.601266905299968,0.04242892302194478,0.04294163609731409,0.5451793273900387,0.5382686553593363
"Uccha Prathmik Vidhyalaya, Kapsarh",MEERUT,7,7,829,0.7328951682615815,0.27127798518325164,1.0010484963282014,0.9100715231339301,0.9177884358914057,0.255613532795367,1.2030292860976766,0.9556547283519443
"Uccha Prathmik Vidhyalaya, Lohra (Pampawan)",SONBHADRA,7,7,829,3.7344619280599534,3.3801427587502335,3.4567897906604137,3.275408917398648,3.952813750367253,3.535093404236952,7.417957318682368,8.505250312175876
"Uccha Prathmik Vidhyalaya, Pathouli",MEERUT,7,7,821,0.5174521055347964,0.3218190123159074,0.913343745549621,0.718105873071112,0.6894802783800096,0.5010092871452629,0.6292392262744435,0.41481710147795414
"Uccha Prathmik Vidhyalaya, Semra Bhav Nagar",LALITPUR,7,7,829,0.6389326392511874,0.4253705119483676,0.627008650963333,0.39911015027603103,0.7955883926410348,0.35599025870663314,4.7180793407865735,1.5679454617371558
"Uccha Prathmik Vidhyalaya, Simra",JHANSI,4,4,451,0.5225813254448425,0.6379756725153632,1.282125944284793,1.3361142688163123,0.46279674583035996,0.5753620150284975,1.3433765030952434,1.2659030929044295
Upper Primary Kasampur,MUZAFFARNAGAR,7,7,829,1.5945468392165358,1.6668567219726285,2.3374123025243265,2.172672236228483,1.5392477071836386,1.5815735478046957,3.249726072709478,2.9308877273849494
"Upper Primary School Eng Medium, Hariyabans",SAHARANPUR,6,6,713,0.4137763750565583,0.26027538051477417,1.1649366783697181,1.392592034245807,0.4834328487857877,0.31966171491004786,1.0430887870956462,1.1608065246019028
Upper Primary School Lehra,ETAH,3,3,302,0.9545587532389495,0.7636779385551029,0.9601316823490538,0.7617986929626801,1.1256917670208713,0.9077859122539836,1.8491498387330616,1.453933631638093
Upper Primary School Pohalli,MEERUT,7,7,829,0.4495317141104132,0.43242127919132295,0.7783537715332578,0.6964941814490946,0.6391961080110268,0.33271604836143404,0.5837991644520895,0.42495777101125815
Upper Primary School Rijaula,BUDAUN,7,7,829,0.15539695946574786,0.158918096692302,0.46960788949171955,0.5007043975743038,0.10291086898910687,0.0981094449000514,0.16177646242184718,0.1833709647525626
Upper Primary School Sarahan Bujurg,FATEHPUR,7,7,829,10.339537039840994,10.250325128815915,11.116350080474932,10.954031532568274,10.246218368035162,10.169613579603046,11.49526323374969,11.349023196049263
Upper Primary School Urouliya,BUDAUN,7,7,829,0.6854348592810344,0.6807974530759233,1.2323915899023024,1.2029654935194276,0.5999549046264371,0.5986028400467213,1.6105711069792317,1.5533095097358138
"Upper Primary School, Khadui",SONBHADRA,7,7,739,0.42996688305661235,0.43908148184483753,1.2543610718694622,1.0787705217703185,0.44537923701581,0.5592022675257238,1.8451876408063923,1.747266583024118
Varansi Badagaon Gajapur,VARANASI,6,6,641,0.37969663864459285,0.24214580861750443,2.5029207245869056,2.6445202351065076,0.036014926493421584,0.03751926256553081,3.166138364918106,3.0497593401752394
Varansi Chirai Gaon  Gathiya Jairampur,VARANASI,7,7,728,0.5437959759120188,0.5161227091590206,0.8222941331565298,1.1672943738880563,0.6768103347883986,0.6429717729667931,1.073972457579425,1.12096490487274
Varansi Chirai Gaon Chhahi,VARANASI,6,6,643,2.6193267221576315,3.172713847950226,1.8959202013278076,1.9523776915915831,2.4339288733188407,2.9534775451328654,1.9834303057771612,2.10594446294733
Varansi Cholapur Chaubepur,VARANASI,6,6,713,4.970823911657265,4.9092599932530465,5.171400165623297,6.495265062029297,4.900610743437069,4.805530001643293,5.479674359601958,7.007839127607467
Varansi Cholapur Munari,VARANASI,6,6,670,1.6193364827830703,1.3032010691020606,1.2511892918077931,1.2203161267085476,1.576071110736803,1.1776413401196804,0.7485399388800974,0.7639508036777075
Varansi Harahua Bhaithauli,VARANASI,6,6,711,0.40644338104383065,0.43097964302529335,0.6940017356882336,0.5940938336689909,0.42045740577328355,0.34505595940365796,0.5453341442521925,0.507266369150207
Varansi Harahua Gurwat,VARANASI,7,7,763,0.8416083241397223,0.8254327976481319,3.3233211755867855,3.308993709612453,0.8167983918528767,0.854941813119247,5.907968362198379,6.03843696515438
Varansi Harahua Kakalpur,VARANASI,5,5,584,2.045694448888726,2.6403116492407523,1.9582258687108967,2.636364948953701,1.996856439575467,2.525890707867442,1.2598410810766028,0.4610726149425904
Varansi Harahua Shivrampur,VARANASI,6,6,699,1.1943905552892229,0.5318242567045617,1.4164480003748665,1.0010097681223744,1.3769339974975365,0.719931416768455,1.8089968014417495,1.5558862183589028
Varansi Harahua Sulemapur,VARANASI,6,6,710,0.3673519163902175,0.34601687563449157,0.6254831223090683,0.7199005867219987,0.20669866710951149,0.2014470592650362,0.7214506485532971,0.7181798735199741
Varansi Pindara Gajendra,VARANASI,7,7,725,0.6114757202002771,0.5184450219727708,1.0719773704659492,1.1254863111704019,0.3653193633190189,0.331318240561241,0.5866873019852828,0.5520672088840275
Varansi Pindara Molanapur,VARANASI,6,6,661,1.0587514753938558,1.075520773322989,1.2381956046494857,1.2166307252752788,1.3263096254785136,1.3195453048557084,0.9608999770594616,0.9132678743713677
Veterinary Hospital Shahjahanpur,MEERUT,7,7,829,0.17418412040085032,0.14395866989038952,0.1949739266313742,0.15863793944045168,0.28992677543545275,0.21265512006202977,0.6560463498849577,0.5397016309466082
"Vikash Khand Parisar, Itwa",SIDDHARTHNAGAR,7,7,746,0.4724654919917006,0.3368166415920255,0.5830792735095915,0.5075632100334283,0.456134203258634,0.33708732877107483,1.1637996145315896,1.0464507354988741
primary school Chaura khurd,SAHARANPUR,7,7,829,0.2605471414066088,0.24743354001596002,0.9062858048662789,0.9367524406041073,0.14354487880063962,0.09688135510983717,0.9016266235939834,0.8575305869701012
primary school jalalpura,SAHARANPUR,3,3,247,0.7100206265166907,0.5406520736515341,1.2077882926962245,1.293025058671184,0.566013361550784,0.42258396334952064,1.3121452325623228,1.155348188859099
primary school kapasi,SAHARANPUR,7,7,829,0.5297372115743404,0.367385835467046,0.9823515634998004,1.1062401346505355,0.7273485449816771,0.4952465029729637,1.3374270872138565,1.438151687683088
