Station,District,Tehsil,Block,Latitude,Longitude,n_2026_months,n_2026_records,first_2026,last_record,full26
390713- Jairampur PMS -Shallow,VARANASI,-,-,25.41945,83.03,5,544,2026-01-01 00:00:00,2026-05-30 00:00:00,False
750128- PMS Sulemapur -Medium,VARANASI,-,-,25.44972,82.97389,0,0,,2025-08-14 18:00:00,False
750523- Kakalpur PMS -Medium,VARANASI,-,-,25.4325,82.97945,6,242,2026-01-01 06:00:00,2026-06-02 18:00:00,False
750718- Primary Sch Matuka -Medium,VARANASI,-,-,25.34417,82.76806,2,106,2026-01-01 00:00:00,2026-02-02 00:00:00,False
750825- Primary Sch Shivrampur -Medium,VARANASI,-,-,28.43944,82.97611,1,57,2026-01-01 00:00:00,2026-01-14 18:41:00,False
ASHADHA PRATHMIK VIDYALAYA,KAUSHAMBI,-,-,25.441184,81.392245,9,822,2026-01-01 00:00:00,2026-09-05 18:00:00,True
Aadarsh Kisaan Inter College Bhabhuwa,BANDA,-,-,25.625229,80.777277,1,12,2026-08-12 00:00:00,2026-08-15 18:00:00,False
Aadarsh Prathmik Vidhyalaya Mahua,SIDDHARTHNAGAR,-,-,27.245413,83.001053,7,624,2026-01-01 00:00:00,2026-08-15 18:00:00,False
Aagan Waadi Kender Dwarkapur,FATEHPUR,-,-,26.118428,80.342773,7,564,2026-01-01 00:00:00,2026-09-05 18:00:00,False
Aagan Wadi Kendra Chandni,JALAUN,-,-,25.929918,79.141493,9,900,2026-01-02 00:00:00,2026-09-05 18:00:00,True
Aaganwadi Kender Kakrawali,ETAH,-,-,27.5818,78.607615,5,418,2026-05-13 12:00:00,2026-09-05 18:00:00,False
Aaganwadi Kender Khanjarpur,GHAZIABAD,-,-,28.809543,77.60082,1,12,2026-08-12 00:00:00,2026-08-15 18:00:00,False
Aaganwadi Kendra Pakri Bazaar,DEORIA,-,-,26.402128,83.682103,9,902,2026-01-01 00:00:00,2026-09-05 18:00:00,True
Aanganwadi Kendra,BAGHPAT,-,-,28.910131,77.42507,7,794,2026-01-01 00:00:00,2026-07-23 12:00:00,False
Aanganwadi kendra,MEERUT,-,-,28.87292,77.825438,7,794,2026-01-01 00:00:00,2026-07-23 06:00:00,False
"Aanganwadi kendra, Barhara",HAMIRPUR,-,-,25.838538,79.690104,7,762,2026-01-01 00:00:00,2026-07-23 06:00:00,False
Aasao Pura,LALITPUR,-,-,24.89788,78.47971,7,551,2026-02-01 00:00:00,2026-09-05 18:00:00,False
Abdullahpur Primary School -Medium,MEERUT,-,-,28.99111,77.76167,5,573,2026-01-01 00:00:00,2026-05-30 00:00:00,False
Abhauli (UP-153),SANT RAVIDAS NAGAR,St Ravidas Nagar,-,25.44555556,82.36944444,2,153,2026-01-01 00:00:00,2026-02-08 00:00:00,False
Adari_2,BANDA,-,-,25.80405,80.47383,6,494,2026-02-01 00:00:00,2026-09-05 18:00:00,False
"Adarsh Primary School, Dubar Kalan",MIRZAPUR,-,-,24.969207,82.40254,9,821,2026-01-01 00:00:00,2026-09-05 12:00:00,True
Agan Wadi Kendra Kuchendu,BANDA,-,-,25.517708,80.72346,9,900,2026-01-01 00:00:00,2026-09-05 18:00:00,True
Aganwadi Kendra Rupauli,CHITRAKOOT,-,-,25.345757,81.210246,7,784,2026-01-01 12:00:00,2026-07-23 12:00:00,False
Agra City (UP-017),AGRA,AGRA,-,27.21555556,78.08833333,5,566,2026-01-01 12:00:00,2026-05-30 06:00:00,False
Ahmad Ganj,CHITRAKOOT,-,-,25.222,80.884,5,440,2026-02-01 00:00:00,2026-08-26 06:00:00,False
Ahmadpur Savant (UP-163),SAHARANPUR,Saharanpur,-,29.99055556,77.39555556,6,567,2026-01-01 06:00:00,2026-06-03 18:00:00,False
Airayan  (UP-023),FATEHPUR,Fatehpur,-,25.833624,81.184345,5,495,2026-01-01 00:00:00,2026-05-30 00:00:00,False
Alakchandra Inter college Bhinga,SHRAWASTI,-,-,27.70074,81.93912,9,807,2026-01-01 00:00:00,2026-09-05 12:00:00,True
Aligarh Chandaus  Somana,ALIGARH,-,-,28.051907,77.940847,8,826,2026-01-01 00:00:00,2026-08-24 00:00:00,True
Aligarh Chandaus Chuharpur,AGRA,-,-,28.008239,77.983395,9,749,2026-01-23 10:50:00,2026-09-05 18:00:00,False
Aligarh Chandaus Lohput,AGRA,-,-,28.012517,77.984393,0,0,,2025-12-03 06:00:00,False
Aligarh Chandaus Maharajpur,ALIGARH,-,-,28.036628,77.935134,8,884,2026-01-01 00:00:00,2026-08-29 00:00:00,True
Aligarh Gonda Chuhurpur Kinala,AGRA,-,-,27.840112,77.845126,7,492,2026-01-12 00:00:00,2026-08-29 00:00:00,False
Aligarh Jawa Bahadurpur Kota,ALIGARH,-,-,28.028578,78.035291,9,796,2026-01-01 00:00:00,2026-09-05 18:00:00,True
Aligarh Jawa Jamalpur Siya,ALIGARH,-,-,27.980335,78.0421724,9,750,2026-01-01 00:00:00,2026-09-05 18:00:00,True
Aligarh Jawa Sogera,ALIGARH,-,-,28.082428,78.045757,9,837,2026-01-01 06:00:00,2026-09-05 18:00:00,True
Aligarh Khair Arrana,ALIGARH,-,-,27.931641,77.885149,9,913,2026-01-01 00:00:00,2026-09-05 18:00:00,True
Aligarh Khair Utwara,ALIGARH,-,-,27.975292,77.905854,8,794,2026-01-01 00:00:00,2026-08-29 00:00:00,True
Aligarh Lodha Aisi Kol,ALIGARH,-,-,27.819827,78.05289,9,849,2026-01-01 00:00:00,2026-09-05 18:00:00,True
Aligarh Lodha Mahrawalpur Nagariya,ALIGARH,-,-,27.930579,78.028279,9,861,2026-01-01 00:00:00,2026-09-05 18:00:00,True
Alipur,Kansiram Nagar,Kashiram Nagar,-,27.698649,78.758445,0,0,,2025-12-22 12:00:00,False
Alipur Aterna_1,MUZAFFARNAGAR,-,-,29.23,77.512,3,257,2026-02-01 00:00:00,2026-04-18 00:00:00,False
Allahabad City (UP-046),Allahabad,Allahabad,-,25.444794,81.859608,0,0,,2024-06-19 12:00:00,False
Allaiha Badhaiya,CHITRAKOOT,-,-,25.06057666,81.1390887,7,438,2026-02-01 00:00:00,2026-09-05 18:00:00,False
Amauli (UP-027),FATEHPUR,Fatehpur,-,26.012168,80.297794,5,549,2026-01-01 00:00:00,2026-05-30 06:00:00,False
Amchurnirua,CHITRAKOOT,-,-,25.024236,80.949377,8,653,2026-01-01 00:00:00,2026-09-05 18:00:00,True
Amgaon (UP-067),HAMIRPUR,HAMIRPUR,-,25.661966,79.580432,1,76,2026-01-01 00:00:00,2026-01-19 13:29:00,False
Amliha_1,CHITRAKOOT,-,-,25.239118,80.694062,7,460,2026-02-01 00:00:00,2026-09-04 18:00:00,False
Amlour,BANDA,-,-,25.73234167,80.37475,8,678,2026-01-01 18:00:00,2026-09-05 18:00:00,True
"Amroha Forest Department, Medium",Amroha (J.P.Nagar),-,-,28.975786,78.45086,0,0,,2025-09-06 00:00:00,False
"Amroha Forest Department, Shallow",Amroha (J.P.Nagar),-,-,28.975786,78.45086,0,0,,2025-12-31 00:00:00,False
"Anganwadi Kedra, Baini",SONBHADRA,-,-,24.723333,83.325833,9,805,2026-01-01 00:00:00,2026-09-05 12:00:00,True
Artauli_1,HAMIRPUR,-,-,25.83802926,79.64613893,0,0,,2024-09-10 18:00:00,False
Aryavart Madhyamik Vidhyalaya Sindhora,MIRZAPUR,-,-,25.098525,82.805053,9,813,2026-01-01 00:00:00,2026-09-05 12:00:00,True
Asafpur (UP-077),BUDAUN,Budaun,-,28.362584,79.003897,5,567,2026-01-01 00:00:00,2026-05-30 12:00:00,False
Ashapur Dak Banglow-Malawan-Medium,FATEHPUR,-,-,26.18833333,80.5475,5,569,2026-01-01 00:00:00,2026-05-30 00:00:00,False
Ashapur Dak Banglow-Malawan-Shallow,FATEHPUR,-,-,26.18833333,80.5475,5,553,2026-01-01 00:00:00,2026-05-30 00:00:00,False
Aspur Deosara (UP-040),PRATAPGARH,PRATAPGARH,-,25.97112,82.31804,0,0,,2025-07-03 06:00:00,False
Aswaniya Pr. Vid.,AZAMGARH,DHEKMA,DHEKMA,25.80388889,82.90472222,9,815,2026-01-01 00:00:00,2026-09-05 12:00:00,True
Atarahat,BANDA,-,-,25.65498,80.43243,4,295,2026-01-01 06:00:00,2026-04-17 00:00:00,False
Atrada Pi_1,MEERUT,-,-,28.834626,77.821875,6,428,2026-01-03 00:00:00,2026-07-19 00:00:00,False
Aurai (UP-150),SANT RAVIDAS NAGAR,St Ravidas Nagar,-,25.25916667,82.55416667,1,49,2026-01-01 00:00:00,2026-01-15 00:00:00,False
Awagarh (UP-005),ETAH,Etah,-,27.449722,78.483889,9,806,2026-01-01 00:00:00,2026-09-05 00:00:00,True
Azamgarh Ahiraula Bahera,AZAMGARH,-,-,26.208262,82.89867,9,931,2026-01-01 00:00:00,2026-09-03 10:05:00,True
Azamgarh Ahiraula Kandara,AZAMGARH,-,-,26.141442,82.844798,9,922,2026-01-01 00:00:00,2026-09-01 18:00:00,True
Azamgarh Atrauliya Atrauliya,AZAMGARH,-,-,26.345894,82.924121,9,832,2026-01-01 00:00:00,2026-09-05 18:00:00,True
Azamgarh Jahanganj Godhaura,AZAMGARH,-,-,25.981226,83.241639,9,923,2026-01-01 00:00:00,2026-09-05 18:00:00,True
Azamgarh Lalganj Lalganj,AZAMGARH,-,-,25.802837,83.023635,9,917,2026-01-01 00:00:00,2026-09-05 00:00:00,True
Azamgarh Palhana Balahi Lahucha,AZAMGARH,-,-,25.756585,83.08177,9,813,2026-01-01 06:00:00,2026-09-05 18:00:00,True
Azamgarh Palhana Jamui Bhatauli,AZAMGARH,-,-,25.764525,83.105885,9,815,2026-01-01 00:00:00,2026-09-01 00:00:00,True
Azamgarh Pavai Velasiya,AZAMGARH,-,-,26.08387,82.77718,9,937,2026-01-01 00:00:00,2026-09-05 18:00:00,True
Azamgarh Sathiyavn Gajahada,AZAMGARH,-,-,26.066121,83.279559,9,849,2026-01-01 00:00:00,2026-09-05 18:00:00,True
Azamgarh Thekama Bardah,AZAMGARH,-,-,25.808029,82.851187,9,934,2026-01-01 00:00:00,2026-09-05 18:00:00,True
B.D.O Office Bhatini,DEORIA,-,-,26.3795695,83.9241858,9,811,2026-01-01 00:00:00,2026-09-05 12:00:00,True
B.D.O. Office Lar,DEORIA,-,-,26.217608,83.964194,9,900,2026-01-01 00:00:00,2026-09-05 18:00:00,True
"B.D.O. Office, Binauli",BAGHPAT,-,-,29.093959,77.399455,9,834,2026-01-01 00:00:00,2026-09-05 12:00:00,True
BADHANI PRATHMIK VIDYALAYA,GORAKHPUR,-,-,26.652848,83.249116,9,826,2026-01-01 00:00:00,2026-09-05 12:00:00,True
BANI KHAS C.V. VIDYALAYA,KAUSHAMBI,-,-,25.371537,81.365493,9,802,2026-01-01 00:00:00,2026-09-05 18:00:00,True
BANSGAON PRATHMIK VIDYALAYA,GORAKHPUR,-,-,26.554779,83.344517,9,835,2026-01-01 00:00:00,2026-09-05 12:00:00,True
"BDO, Bhojpur, Medium",GHAZIABAD,-,-,28.789167,77.636111,5,569,2026-01-01 00:00:00,2026-05-30 00:00:00,False
"BDO, Loni, Medium",GHAZIABAD,-,-,28.765556,77.299444,0,0,,2025-08-15 00:00:00,False
"BDO, Loni, Shallow",GHAZIABAD,-,-,28.765556,77.299444,5,565,2026-01-01 00:00:00,2026-05-30 00:00:00,False
BHIKHANIPUR PRATHMIK VIDYALAYA,FATEHPUR,-,-,25.955898,80.395203,1,8,2026-08-08 00:00:00,2026-08-11 12:00:00,False
Baba BelkharNath Dham (UP-045),PRATAPGARH,PRATAPGARH,-,25.820808,81.515117,5,558,2026-01-01 06:00:00,2026-05-30 06:00:00,False
Babina Rular,JHANSI,-,-,25.23668,78.48107,8,693,2026-01-01 00:00:00,2026-09-05 18:00:00,True
Badagaon (UP-049),Amethi (C.S.M. Nagar),Amethi (C.S.M. Nagar),-,26.066101,81.798389,0,0,,2025-09-07 00:00:00,False
Badagaon_1,HAMIRPUR,-,-,25.904996,80.198812,7,662,2026-01-01 00:00:00,2026-09-05 18:00:00,False
Badalpur (UP-091),G.B. Nagar,G.B. Nagar,-,28.59632,77.511077,0,0,,2025-07-31 06:00:00,False
Badaun Salarpur BDO Office,BUDAUN,-,-,28.069433,79.13294,9,799,2026-01-01 00:00:00,2026-09-05 18:00:00,True
Badaun Ujhani Sports Stadium,BUDAUN,-,-,28.029062,79.098363,9,843,2026-01-01 00:00:00,2026-09-05 18:00:00,True
Badaun Usawan BDO Office,BUDAUN,-,-,27.810859,79.348935,9,812,2026-01-01 00:00:00,2026-09-05 18:00:00,True
Badhai Khurd Pr. Vid.,MUZAFFARNAGAR,CHARTHAWAL,CHARTHAWAL,29.54611111,77.65583333,9,807,2026-01-01 00:00:00,2026-09-05 12:00:00,True
Badhouli,HAMIRPUR,-,-,25.83808,79.57949,8,681,2026-01-01 00:00:00,2026-09-05 18:00:00,True
Bagadari,CHITRAKOOT,-,-,25.017728,81.104314,7,552,2026-02-01 00:00:00,2026-09-05 18:00:00,False
Baghora_1,MAHOBA,-,-,25.151588,79.405231,8,649,2026-01-01 00:00:00,2026-09-05 18:00:00,True
Baghpat Meerut Kheda Balrampur Itiyara,MEERUT,-,-,28.890512,77.67112,9,922,2026-01-01 00:00:00,2026-09-05 12:00:00,True
Baghpat Sardhana Julaida,MEERUT,-,-,29.134001,77.593492,0,0,,2024-01-02 12:00:00,False
Baghura_1,JHANSI,-,-,25.16264,78.47427,7,482,2026-02-01 00:00:00,2026-09-05 18:00:00,False
Bahjoi (UP-128),Sambhal,Sambhal,-,28.40027778,78.63444444,0,0,,2025-12-23 06:00:00,False
Bahuwa (UP-024),FATEHPUR,Fatehpur,-,25.840595,80.625738,2,130,2026-01-01 00:00:00,2026-02-02 06:00:00,False
Baije mau,HAMIRPUR,-,-,25.704,80.29987,3,283,2026-02-01 00:00:00,2026-04-19 00:00:00,False
Bajehta_1,HAMIRPUR,-,-,25.86608,79.922976,3,261,2026-02-01 00:00:00,2026-04-18 00:00:00,False
Bamboari,CHITRAKOOT,-,-,25.22022746,81.37499835,7,441,2026-01-01 00:00:00,2026-09-04 00:00:00,False
Bamer,JHANSI,-,-,25.43376,78.41873,4,259,2026-02-01 00:00:00,2026-07-11 12:00:00,False
Bamhauri Khurd,MAHOBA,-,-,25.317235,79.679068,4,377,2026-01-01 12:00:00,2026-04-17 00:00:00,False
Banda Baberu Anvan,BANDA,-,-,25.571618,80.72094,9,786,2026-01-01 00:00:00,2026-09-05 18:00:00,True
Banda Baberu Umrehani,BANDA,-,-,25.534149,80.755587,9,864,2026-01-01 06:00:00,2026-09-04 00:00:00,True
Banda Badokhar Khurd Chatgan,BANDA,-,-,25.574309,80.303325,9,875,2026-01-01 00:00:00,2026-09-05 18:00:00,True
Banda Bisndha Mrooli,BANDA,-,-,25.420368,80.721114,9,839,2026-01-01 00:00:00,2026-09-05 18:00:00,True
Banda Bisndha Para,CHITRAKOOT,-,-,25.381345,80.670083,1,85,2026-01-01 00:00:00,2026-01-23 00:00:00,False
Banda Kamasin Kureha,CHITRAKOOT,-,-,25.591102,80.8347455,0,0,,2024-07-21 12:00:00,False
Banda Kamasin Tilowsa,BANDA,-,-,25.504452,80.834118,9,814,2026-01-01 00:00:00,2026-09-05 18:00:00,True
Banda Tindwari Bhindowra,BANDA,-,-,25.651513,80.492621,9,829,2026-01-01 00:00:00,2026-09-05 18:00:00,True
Bandari,CHITRAKOOT,-,-,25.135018,80.743632,6,504,2026-02-01 00:00:00,2026-09-05 18:00:00,False
Bansi_1,BANDA,-,-,25.27275,80.422008,7,552,2026-02-01 00:00:00,2026-09-05 18:00:00,False
Barachh_1,CHITRAKOOT,-,-,25.147497,80.758293,7,589,2026-01-01 00:00:00,2026-09-05 18:00:00,False
Bareilly City (UP-078),BAREILLY,Bareilly,-,28.17638889,79.26388889,3,271,2026-01-01 06:00:00,2026-03-17 00:00:00,False
Barsada Maanpur,BANDA,-,-,25.12553611,80.37395556,5,367,2026-02-01 00:00:00,2026-07-21 18:00:00,False
Basariya,HAMIRPUR,-,-,25.903882,79.719534,7,623,2026-01-01 06:00:00,2026-09-05 18:00:00,False
Baukhar,HAMIRPUR,-,-,25.857576,79.59957,7,525,2026-01-01 00:00:00,2026-08-10 06:00:00,False
Bdo Office Ambiapur-AMBIAPUR-Medium,BUDAUN,-,-,28.137269,78.916144,0,0,,2025-02-13 06:00:00,False
Bdo Office Ambiapur-AMBIAPUR-Shallow,BUDAUN,-,-,28.137269,78.916144,2,106,2026-01-01 12:00:00,2026-02-03 18:00:00,False
Bdo Office Campus Pipraich,GORAKHPUR,-,-,26.819999,83.519995,9,827,2026-01-01 00:00:00,2026-09-05 12:00:00,True
Berrav (UP-061),BANDA,Banda,-,25.522775,80.815365,5,538,2026-01-01 00:00:00,2026-05-30 06:00:00,False
Bhadarwara  P_1,JHANSI,-,-,25.21805556,79.18027778,8,676,2026-01-01 00:00:00,2026-09-05 18:00:00,True
Bhagwatpur,CHITRAKOOT,-,-,25.142,80.686,6,432,2026-01-01 00:00:00,2026-07-20 18:00:00,False
Bhitari_2,CHITRAKOOT,-,-,25.22511,81.384666,8,692,2026-01-01 06:00:00,2026-09-05 18:00:00,True
Bhojpur,GHAZIABAD,GHAZIABAD,-,28.789167,77.636111,0,0,,2022-09-19 12:00:00,False
Bhujpur_1,HAMIRPUR,-,-,25.262426,79.902595,3,261,2026-02-01 00:00:00,2026-04-18 00:00:00,False
Bighana_1,BANDA,-,-,25.3935513,80.504225,6,502,2026-01-01 00:00:00,2026-07-26 12:00:00,False
Bihasara (UP-148),MIRZAPUR,Mirzapur,-,25.144139,82.368129,5,566,2026-01-01 12:00:00,2026-05-30 06:00:00,False
Bihuni Kalan,HAMIRPUR,-,-,25.64288,79.74203,6,472,2026-02-01 00:00:00,2026-09-05 18:00:00,False
Bijauli_1,MEERUT,-,-,28.863545,77.757646,6,512,2026-02-01 00:00:00,2026-08-31 12:00:00,False
Bijijauri_1,MAHOBA,-,-,25.113551,79.448837,8,679,2026-01-01 00:00:00,2026-09-05 18:00:00,True
Bijli Ghar,MEERUT,-,-,28.921519,77.808687,7,792,2026-01-01 00:00:00,2026-07-23 12:00:00,False
"Bilsi Naveen Mandi, Block-Ambiapur-AMBIAPUR-Medium",BUDAUN,-,-,28.121373,78.910688,2,106,2026-01-01 12:00:00,2026-02-03 18:00:00,False
"Bilsi Naveen Mandi, Block-Ambiapur-AMBIAPUR-Shallow",BUDAUN,-,-,28.121373,78.910688,4,445,2026-01-01 00:00:00,2026-04-27 00:00:00,False
Birdha /Poorabirdha,LALITPUR,-,-,25.1202,78.56495,8,647,2026-01-01 00:00:00,2026-09-05 18:00:00,True
Bisanda (UP-060),BANDA,Banda,-,25.419804,80.614939,0,0,,2024-07-23 18:00:00,False
Bisauli (UP-076),BUDAUN,Budaun,-,28.276805,78.891713,5,484,2026-01-01 00:00:00,2026-05-29 18:00:00,False
Biwar (UP-068),HAMIRPUR,HAMIRPUR,-,25.761768,79.923672,1,28,2026-01-20 18:00:00,2026-01-27 12:00:00,False
Block Deoria Campus Deoria Sadar,DEORIA,Deoria,-,26.4768311,83.7782245,9,832,2026-01-01 18:00:00,2026-09-05 12:00:00,True
"Block Development Office, Medium",VARANASI,-,-,25.5,82.83,5,597,2026-01-01 00:00:00,2026-05-30 00:00:00,False
"Block Development Office, Pura Mahadev-Pilana-Medium",BAGHPAT,-,-,28.99694444,77.44888889,5,559,2026-01-01 00:00:00,2026-05-30 00:00:00,False
"Block Development Office, Pura Mahadev-Pilana-Shallow",BAGHPAT,-,-,28.99694444,77.44888889,5,578,2026-01-01 00:00:00,2026-05-30 00:00:00,False
"Block Development Office, Shallow",VARANASI,-,-,25.47,83.13,5,530,2026-01-01 00:00:00,2026-05-29 18:00:00,False
"Block Development Office, Shallow_1",VARANASI,-,-,25.5,82.83,3,253,2026-01-01 00:00:00,2026-03-09 00:00:00,False
Block Development Office-Baghara-Medium,MUZAFFARNAGAR,-,-,29.46,77.564,5,552,2026-01-01 06:00:00,2026-05-30 00:00:00,False
Block Development Office-Baghara-Shallow,MUZAFFARNAGAR,-,-,29.46,77.564,5,557,2026-01-01 00:00:00,2026-05-30 00:00:00,False
Block Development Office-Bhojpur-Shallow,GHAZIABAD,-,-,28.789167,77.636111,0,0,,2025-05-23 00:00:00,False
Block Development Office-Kasganj-Medium,Kansiram Nagar,-,-,27.81583333,78.65777778,1,122,2026-01-01 00:00:00,2026-01-31 06:00:00,False
Block Development Office-Kasganj-Shallow,KAUSHAMBI,-,-,27.81583333,78.65777778,5,554,2026-01-01 00:00:00,2026-05-30 00:00:00,False
Block Development Office-Khekra-Medium,BAGHPAT,-,-,28.86972222,77.28805556,5,574,2026-01-01 00:00:00,2026-05-30 00:00:00,False
Block Development Office-Khekra-Shallow,BAGHPAT,-,-,28.86972222,77.28805556,9,906,2026-01-01 00:00:00,2026-09-05 00:00:00,True
Block Development Office-Nangal-Medium,SAHARANPUR,-,-,29.75,77.625,5,561,2026-01-01 00:00:00,2026-05-30 00:00:00,False
Block Development Office-Nangal-Shallow,SAHARANPUR,-,-,29.75,77.625,5,471,2026-01-01 00:00:00,2026-05-30 06:00:00,False
Block Development Office-Rajpura-Shallow,MEERUT,-,-,29.00388889,77.77111111,5,568,2026-01-01 06:00:00,2026-05-30 00:00:00,False
"Block Office, Kurara",HAMIRPUR,-,-,25.978748,79.984396,9,840,2026-01-01 00:00:00,2026-09-05 18:00:00,True
"Block office, Gursarai",JHANSI,Jhansi,-,25.613486,79.186343,9,837,2026-01-01 00:00:00,2026-09-04 00:00:00,True
Broundha (UP-139),MIRZAPUR,Mirzapur,-,24.74451,82.355991,5,432,2026-01-01 00:00:00,2026-05-29 18:00:00,False
Budh Sainy_1,BAGHPAT,-,-,28.995556,77.427222,8,670,2026-01-01 06:00:00,2026-09-05 18:00:00,True
Budhana (UP-156),MUZAFFARNAGAR,MUZAFFARNAGAR,-,29.6036,77.912966,5,588,2026-01-01 00:00:00,2026-05-30 00:00:00,False
Budhanpur (UP-158),SAHARANPUR,Saharanpur,-,29.800337,77.274542,2,168,2026-01-01 00:00:00,2026-02-15 00:00:00,False
Bukara,JHANSI,-,-,25.26080678,79.18139055,7,598,2026-01-01 00:00:00,2026-08-23 12:00:00,False
Burhara (UP-002),AGRA,AGRA,-,26.963575,77.842584,5,580,2026-01-01 00:00:00,2026-05-30 00:00:00,False
"CCS Vedik Inter College, Faizpur Nanina",BAGHPAT,-,-,29.027071,77.207488,0,0,,2025-06-02 12:00:00,False
Chakara  P_1,JHANSI,-,-,25.218333,79.26,8,672,2026-01-01 00:00:00,2026-09-05 18:00:00,True
Chandi Kalan,HAMIRPUR,-,-,25.600441,80.224573,8,680,2026-01-01 06:00:00,2026-09-05 18:00:00,True
Chandpurwa,HAMIRPUR,-,-,25.78401,80.16123,7,532,2026-02-01 00:00:00,2026-09-05 18:00:00,False
Chedi Basail_1,HAMIRPUR,-,-,25.811403,79.888339,4,259,2026-02-01 00:00:00,2026-06-26 11:24:00,False
Chhaprauli (UP-054),BAGHPAT,BAGHPAT,-,29.25,77.21055556,3,289,2026-01-01 00:00:00,2026-03-14 00:00:00,False
Chhibaw_1,BANDA,-,-,25.363698,80.491501,8,662,2026-01-01 00:00:00,2026-09-05 18:00:00,True
Chhimauli,HAMIRPUR,-,-,25.65158,80.126,8,534,2026-01-30 18:00:00,2026-09-05 18:00:00,False
Chhirka,HAMIRPUR,-,-,25.622252,80.070791,5,386,2026-02-01 00:00:00,2026-07-27 06:00:00,False
Chilbila (UP-037),PRATAPGARH,PRATAPGARH,-,25.955556,81.961667,1,61,2026-01-01 00:00:00,2026-01-16 00:00:00,False
Chirautha,BANDA,-,-,25.66132542,80.4762682,8,597,2026-01-11 18:00:00,2026-09-05 18:00:00,True
Chitrakoot Karvi Khoha,CHITRAKOOT,Chitrakoot,-,25.20894,80.96,9,853,2026-01-01 00:00:00,2026-09-05 18:00:00,True
Chitrakoot Karvi Shivrampur,CHITRAKOOT,Chitrakoot,-,25.217005,80.837699,9,905,2026-01-01 00:00:00,2026-09-05 18:00:00,True
Chitrakoot Manikpur Agarhudha,CHITRAKOOT,Chitrakoot,-,25.211035,81.113057,9,857,2026-01-01 00:00:00,2026-09-05 18:00:00,True
Chitrakoot Manikpur Biyur,CHITRAKOOT,Chitrakoot,-,25.211319,80.024,9,762,2026-01-17 18:00:00,2026-09-05 18:00:00,False
Chitrakoot Manikpur Sardar Patel,CHITRAKOOT,Chitrakoot,-,25.23231,81.139761,9,534,2026-01-01 00:00:00,2026-09-02 06:00:00,True
Chorwa Bhari Prathmik Vidyalaya,SHRAWASTI,-,-,27.63231,81.977,9,811,2026-01-01 00:00:00,2026-09-05 12:00:00,True
Chunar (UP-145),MIRZAPUR,Mirzapur,-,25.15422,82.967094,7,728,2026-01-01 00:00:00,2026-07-18 00:00:00,False
Circuit House-Balli Kheri-Medium,SAHARANPUR,-,-,29.965069,77.5242628,5,565,2026-01-01 00:00:00,2026-05-30 00:00:00,False
Circuit House-Balli Kheri-Shallow,SAHARANPUR,-,-,29.965069,77.5242628,5,577,2026-01-01 00:00:00,2026-05-30 00:00:00,False
Circuit House-Deoband-Medium,SAHARANPUR,-,-,29.6838901,77.6836216,5,565,2026-01-01 00:00:00,2026-05-30 12:00:00,False
Circuit House-Deoband-Shallow,SAHARANPUR,-,-,29.6838901,77.6836216,5,557,2026-01-01 00:00:00,2026-05-30 00:00:00,False
"Civil Line Police Chauki, Razapur, Medium",GHAZIABAD,-,-,28.0525,77.035,5,581,2026-01-01 00:00:00,2026-05-30 00:00:00,False
"Civil Line Police Chauki, Razapur, Shallow",GHAZIABAD,-,-,28.0525,77.035,3,313,2026-01-01 02:55:00,2026-03-23 02:55:00,False
"Community Center, Ghorawal",SONBHADRA,-,-,24.7523638,82.7808874,9,801,2026-01-01 00:00:00,2026-09-05 12:00:00,True
Comosite School Campus Badalganj,AZAMGARH,-,-,25.875983,83.310721,9,892,2026-01-01 00:00:00,2026-09-05 18:00:00,True
"Company Bagh, District Udhyog-Balli Kheri-Medium",SAHARANPUR,-,-,29.970108,77.5540689,0,0,,2022-11-11 18:00:00,False
"Company Bagh, District Udhyog-Balli Kheri-Shallow",SAHARANPUR,-,-,29.970108,77.5540689,0,0,,2022-11-12 00:00:00,False
Composite Girls Primary School Mai,JALAUN,-,-,26.385551,79.191725,9,912,2026-01-01 00:00:00,2026-09-05 18:00:00,True
Composite School Basantpur Saitali-1,GHAZIABAD,-,-,28.750761,77.48058,8,688,2026-01-01 00:00:00,2026-08-15 18:00:00,True
Composite School Bhitthi,SHRAWASTI,-,-,27.516843,82.004028,1,12,2026-08-12 00:00:00,2026-08-15 18:00:00,False
Composite School Biralsi,MUZAFFARNAGAR,-,-,29.567471,77.513423,8,864,2026-01-01 00:00:00,2026-08-27 18:00:00,True
Composite School Erawni,LALITPUR,-,-,24.564665,78.4207,1,12,2026-08-12 00:00:00,2026-08-15 18:00:00,False
Composite School Jarar,BANDA,-,-,25.321336,80.360599,7,781,2026-01-01 01:43:00,2026-07-23 01:43:00,False
Composite School Jarifnagar,BUDAUN,-,-,28.15678,78.613206,7,586,2026-01-01 00:00:00,2026-09-05 18:00:00,False
Composite School Kilhora,GHAZIABAD,-,-,28.776402,77.673884,9,900,2026-01-02 00:00:00,2026-09-05 18:00:00,True
Composite School Larauni,JHANSI,-,-,25.304739,79.210748,7,797,2026-01-01 03:05:00,2026-07-23 15:05:00,False
Composite School Nagla Bair,GHAZIABAD,-,-,28.786482,77.584175,8,808,2026-01-01 00:00:00,2026-08-09 18:00:00,True
Composite School Rampur Kalyan,CHITRAKOOT,-,-,25.005561,81.063886,7,780,2026-01-01 12:00:00,2026-07-23 12:00:00,False
Composite School Rampur Kathwar,LALITPUR,-,-,24.94612,78.63188,7,797,2026-01-01 00:35:00,2026-07-23 12:35:00,False
Composite School Sagarpur,MIRZAPUR,-,-,25.202642,82.541757,9,900,2026-01-01 00:00:00,2026-09-05 18:00:00,True
Composite School Sanjarpur,MIRZAPUR,Mirzapur,-,26.00904,82.971338,9,888,2026-01-01 00:00:00,2026-09-05 18:00:00,True
Composite School Siriheera,VARANASI,-,-,25.347158,82.753179,3,220,2026-01-01 00:00:00,2026-08-15 18:00:00,False
Composite School Suarsot,SONBHADRA,-,-,24.718647,83.457125,0,0,,2024-02-21 13:00:00,False
Composite School katar,AZAMGARH,-,-,26.070408,82.708924,9,896,2026-01-01 00:00:00,2026-09-05 18:00:00,True
"Composite School, Chandheri",MUZAFFARNAGAR,-,-,29.265567,77.485478,7,788,2026-01-01 04:32:00,2026-07-23 16:32:00,False
"Composite School, Dhamna Khurd",FATEHPUR,-,-,26.046995,80.274238,8,684,2026-01-01 00:00:00,2026-08-15 18:00:00,True
"Composite School, Gaurahari",MAHOBA,-,-,25.454149,79.625705,0,0,,2025-12-11 00:00:00,False
"Composite School, Ghamhapur",MIRZAPUR,-,-,25.151821,82.500563,9,904,2026-01-01 00:00:00,2026-09-05 18:00:00,True
"Composite School, Jobani",BANDA,-,-,25.210124,80.589609,7,792,2026-01-01 00:00:00,2026-07-23 12:00:00,False
"Composite School, Kahiniya",MAHOBA,-,-,25.380467,79.352459,7,783,2026-01-01 00:00:00,2026-07-23 12:00:00,False
"Composite School, Mungari",SANT RAVIDAS NAGAR,-,-,25.3578684,82.3248958,9,801,2026-01-01 00:00:00,2026-09-05 12:00:00,True
"Composite School, Paswara",MAHOBA,-,-,25.299169,79.94983,7,772,2026-01-02 00:00:00,2026-07-22 18:00:00,False
"Composite School, Pathraha",MIRZAPUR,-,-,25.0898964,82.7618449,9,821,2026-01-01 00:00:00,2026-09-05 12:00:00,True
"Composite School, Ranjitpur",BANDA,-,-,25.138053,80.420963,7,792,2026-01-01 06:00:00,2026-07-23 00:00:00,False
"Composite School, Tikariya",MAHOBA,-,-,25.358166,79.372487,7,740,2026-01-01 00:00:00,2026-07-22 18:00:00,False
"Composite Uccha Prathmik Vidhyalaya, Paltadevi",SIDDHARTHNAGAR,-,-,27.402635,83.024077,9,896,2026-01-01 00:00:00,2026-09-05 18:00:00,True
Composite Upper Primary School Sajania,SIDDHARTHNAGAR,-,-,27.250044,83.044202,9,920,2026-01-01 00:00:00,2026-09-05 18:00:00,True
"Compost School, Mudi",BANDA,-,-,25.084317,80.588792,0,0,,2025-05-13 12:00:00,False
"Compost School, Sadha",BANDA,-,-,25.0884,80.528738,7,758,2026-01-01 00:00:00,2026-07-23 06:00:00,False
DEOCHALI C.V. VIDYALAYA,FATEHPUR,-,-,26.005258,80.340634,9,818,2026-01-01 00:00:00,2026-09-05 18:00:00,True
Dagarwaha,JHANSI,-,-,25.471944,78.421389,7,554,2026-02-01 00:00:00,2026-09-05 18:00:00,False
Danaura Silwarnagar_1,BAGHPAT,-,-,29.030556,77.331944,5,422,2026-01-01 00:00:00,2026-07-22 12:00:00,False
Datt Naga_1,BAGHPAT,-,-,28.920261,77.401781,8,674,2026-01-01 00:00:00,2026-09-05 18:00:00,True
"Dav Degree College, Kundal-Barauli Ahir-Medium",AGRA,-,-,27.10416667,78.15388889,5,566,2026-01-01 00:00:00,2026-05-30 00:00:00,False
"Dav Degree College, Kundal-Barauli Ahir-Shallow",AGRA,-,-,27.10416667,78.15388889,5,317,2026-01-01 00:00:00,2026-05-30 00:00:00,False
Deeh (UP-151),SANT RAVIDAS NAGAR,St Ravidas Nagar,-,25.251851,82.340776,3,271,2026-01-01 00:00:00,2026-03-14 10:52:00,False
Deoria Bankata Sohanpur,GORAKHPUR,-,-,26.254274,84.073869,5,355,2026-01-01 00:00:00,2026-09-05 00:00:00,False
Deoria Barhaj Barhaj,GORAKHPUR,-,-,26.279088,83.726383,9,786,2026-01-19 18:00:00,2026-09-04 00:00:00,False
Deoria Bhaluwani Markna,DEORIA,-,-,26.328658,83.796855,9,842,2026-01-01 00:00:00,2026-09-05 18:00:00,True
Deoria Bhatani Mishrauli Dichit,DEORIA,-,-,26.395355,83.950282,8,666,2026-01-01 00:00:00,2026-09-05 18:00:00,True
Deoria Bhatpar Rani Dharkwan,DEORIA,-,-,26.281971,83.98506,9,836,2026-01-01 00:00:00,2026-09-05 18:00:00,True
Deoria Lar Harkhauli,GORAKHPUR,-,-,26.205293,83.929132,9,724,2026-01-19 18:00:00,2026-09-05 00:00:00,False
Deoria Salempur Manihari,DEORIA,-,-,26.324727,83.895237,9,793,2026-01-01 00:00:00,2026-09-05 18:00:00,True
Deoria Tarkulwa Tarkulwa,DEORIA,-,-,26.627487,83.890943,9,873,2026-01-01 00:00:00,2026-09-05 18:00:00,True
Devganpura,MAHOBA,Mahoba,-,25.426043,79.466593,7,793,2026-01-01 00:00:00,2026-07-23 00:00:00,False
Devrar_1,BANDA,-,-,25.263486,80.427572,8,659,2026-01-01 00:00:00,2026-09-05 18:00:00,True
Dhagwan_1,HAMIRPUR,-,-,25.839054,79.638227,7,595,2026-01-01 00:00:00,2026-09-05 18:00:00,False
"Dhangaul Panchayat, Dhangaul",LALITPUR,TALBEHAT,TALBEHAT,24.89055556,78.64,7,789,2026-01-01 00:00:00,2026-07-23 00:00:00,False
Dhikauli,JHANSI,-,-,25.4936,78.45125,8,669,2026-01-01 00:00:00,2026-09-05 18:00:00,True
Dohatara,BANDA,-,-,25.73334,80.5042,7,612,2026-01-01 00:00:00,2026-08-18 12:00:00,False
Doramafi,CHITRAKOOT,-,-,25.004621,80.903493,8,600,2026-01-18 00:00:00,2026-09-05 18:00:00,False
"Dr. Ambedkar Samudayak Kendra, Labera",JHANSI,-,-,25.731048,79.084789,0,0,,2025-05-28 06:00:00,False
"Dr. Bhim Rao Ambedkar Primary School, Amara",BANDA,JASPURA,JASPURA,25.77027778,80.34444444,7,776,2026-01-01 00:00:00,2026-07-23 12:00:00,False
Etah Aavagarh Badhawali,ETAH,-,-,27.527159,78.372312,9,805,2026-01-01 00:00:00,2026-09-05 18:00:00,True
Etah Jalesar Hasangarh,ETAH,-,-,27.492,78.351,9,839,2026-01-01 00:00:00,2026-09-05 18:00:00,True
Etah Jalesar Karahala Kasimpur,AGRA,-,-,27.45254,78.262633,0,0,,2025-06-22 00:00:00,False
Etah Jalesar Sakrauli,ETAH,-,-,27.39305,78.30936,9,856,2026-01-01 00:00:00,2026-09-05 18:00:00,True
FAREDUPUR PRATHMIK VIDYALAYA,PRATAPGARH,-,-,25.728768,81.50885,9,802,2026-01-01 00:00:00,2026-09-05 18:00:00,True
Firojpur Phakuwa (UP-028),FATEHPUR,Fatehpur,-,25.97,80.908889,1,17,2026-01-01 00:00:00,2026-01-05 00:00:00,False
Firozabad Madanpur Rudhawali,FIROZABAD,-,-,27.038936,78.7711659,8,606,2026-01-01 00:00:00,2026-09-05 18:00:00,True
Firozabad Madanpur Ukhrend,AGRA,-,-,26.99767,78.775779,0,0,,2023-07-13 12:00:00,False
Fugana_1,MUZAFFARNAGAR,-,-,29.334112,77.388351,8,687,2026-01-01 00:00:00,2026-09-05 18:00:00,True
GOVINDPUR BILARI PRATHMIK VIDYALAYA,FATEHPUR,-,-,25.963732,80.341446,9,798,2026-01-01 00:00:00,2026-09-05 18:00:00,True
Gada Navin,BANDA,-,-,25.18076,80.43521,7,488,2026-02-01 00:00:00,2026-09-05 18:00:00,False
Gadhela Panchayat Bhawan,JALAUN,-,-,26.233524,79.416822,9,892,2026-01-01 00:00:00,2026-09-05 18:00:00,True
Garha_2,HAMIRPUR,-,-,25.71578,80.32802,5,275,2026-02-01 00:00:00,2026-08-11 14:42:00,False
Gaura (UP-044),PRATAPGARH,PRATAPGARH,-,25.745897,82.10604,0,0,,2025-10-29 00:00:00,False
Gaurikalan (UP-064),BANDA,Banda,-,25.826402,80.341111,5,265,2026-01-01 06:00:00,2026-05-29 18:00:00,False
Ghaziabad City (UP-093),GHAZIABAD,GHAZIABAD,-,28.675833,77.431116,5,563,2026-01-01 00:00:00,2026-05-30 12:00:00,False
Ghuretnpur Pz._1,CHITRAKOOT,-,-,25.149407,80.725313,0,0,,2024-09-10 18:00:00,False
Gidurha,CHITRAKOOT,-,-,24.983366,81.156082,6,432,2026-02-01 00:00:00,2026-09-05 18:00:00,False
"Girl Primary School, Asthaun",MAHOBA,-,-,25.394207,79.719657,7,785,2026-01-01 04:13:00,2026-07-23 10:13:00,False
"Girls Primary School, Bhaura",HAMIRPUR,-,-,25.888485,80.340965,7,778,2026-01-01 05:18:00,2026-07-23 11:18:00,False
"Girls Primary School, Luhargawn",MAHOBA,-,-,25.391245,79.362289,6,665,2026-01-01 00:00:00,2026-06-25 06:00:00,False
Gloragundera/Gewara,LALITPUR,-,-,25.15888,78.51844,8,682,2026-01-01 00:00:00,2026-09-05 18:00:00,True
Gorakhpur Barahalganj Bhatpar (Saukhor),GORAKHPUR,Gorakhpur,-,26.332518,83.486744,9,839,2026-01-01 06:00:00,2026-09-05 18:00:00,True
Gorakhpur Barahalganj Ojhauli,GORAKHPUR,Gorakhpur,-,26.290279,83.477789,9,904,2026-01-01 00:00:00,2026-09-05 00:00:00,True
Gorakhpur Belghat Bela,GORAKHPUR,Gorakhpur,-,26.43956,83.200321,8,791,2026-01-16 15:51:00,2026-08-27 12:00:00,False
Gorakhpur Belghat Belghat,GORAKHPUR,Gorakhpur,-,26.432863,83.16397,9,836,2026-01-01 00:00:00,2026-09-04 00:00:00,True
Gorakhpur Belghat Murarpur,GORAKHPUR,Gorakhpur,-,26.416214,83.260961,9,790,2026-01-01 00:00:00,2026-09-05 00:00:00,True
Gorakhpur Chargaon Beniganj,GORAKHPUR,Gorakhpur,-,26.851039,83.411243,9,873,2026-01-01 00:00:00,2026-09-05 18:00:00,True
Gorakhpur Gagaha Gagaha,GORAKHPUR,Gorakhpur,-,26.448899,83.437416,9,831,2026-01-01 00:00:00,2026-09-05 18:00:00,True
Gorakhpur Gola Dhakwarchak,GORAKHPUR,Gorakhpur,-,26.405964,83.35375,9,844,2026-01-01 00:00:00,2026-09-05 18:00:00,True
Gorakhpur Gola Gopalpur Patham,GORAKHPUR,Gorakhpur,-,26.370555,83.321349,9,845,2026-01-01 00:00:00,2026-09-05 18:00:00,True
Gorakhpur Gola Nibi Dubey-2,GORAKHPUR,Gorakhpur,-,26.29987,83.41756,9,786,2026-01-16 13:14:00,2026-09-05 18:00:00,False
Gorakhpur Gola Turkwaliya,GORAKHPUR,Gorakhpur,-,26.877581,83.255728,9,881,2026-01-01 00:00:00,2026-09-05 18:00:00,True
Gorakhpur Kauriram Dhausa,GORAKHPUR,Gorakhpur,-,26.502734,83.395847,9,884,2026-01-01 00:00:00,2026-09-05 00:00:00,True
Gorakhpur Kauriram Jagdispur Bhaluwan 2Nd,GORAKHPUR,Gorakhpur,-,26.442209,83.437771,9,843,2026-01-01 00:00:00,2026-09-05 18:00:00,True
Gorakhpur Pali Dumari Niwas,GORAKHPUR,Gorakhpur,-,26.850334,83.145914,9,880,2026-01-01 00:00:00,2026-09-05 00:00:00,True
Gorakhpur Pali Pali,GORAKHPUR,Gorakhpur,-,26.820966,83.199014,9,870,2026-01-01 00:00:00,2026-09-05 18:00:00,True
Gorakhpur Sahjanwa Kasrol,GORAKHPUR,Gorakhpur,-,26.757395,83.15174,9,890,2026-01-01 00:00:00,2026-09-04 12:41:00,True
Gorakhpur Sardarnagr Awadpur,GORAKHPUR,Gorakhpur,-,26.673028,83.538627,9,849,2026-01-01 00:00:00,2026-09-05 18:00:00,True
Gorakhpur Urwa Malhanpar,GORAKHPUR,Gorakhpur,-,26.54411,83.288612,9,896,2026-01-01 00:00:00,2026-09-05 00:00:00,True
Goshala Bada Gaon,BANDA,-,-,25.507743,80.645981,9,896,2026-01-01 00:00:00,2026-09-05 18:00:00,True
Goshala Bankat,BANDA,-,-,25.557483,80.948938,9,888,2026-01-01 00:00:00,2026-09-05 18:00:00,True
Goshala Basela,HAMIRPUR,-,-,25.533503,79.50998,9,892,2026-01-01 00:00:00,2026-09-05 18:00:00,True
Goshala Bhadehdu,BANDA,-,-,25.462597,80.706021,9,900,2026-01-01 00:00:00,2026-09-05 18:00:00,True
Goshala Churaha,HAMIRPUR,-,-,25.731688,79.494467,9,752,2026-01-01 00:00:00,2026-09-05 18:00:00,True
Goshala Ghuri,BANDA,-,-,25.427643,80.564512,9,900,2026-01-01 00:00:00,2026-09-05 18:00:00,True
Goshala Mawal Kalan,CHITRAKOOT,-,-,25.30198,81.38856,7,789,2026-01-01 00:00:00,2026-07-22 06:00:00,False
Goshala Pachhahan,BANDA,-,-,25.532277,80.927357,9,888,2026-01-02 00:00:00,2026-09-05 18:00:00,True
Goshala Pawai,BANDA,-,-,25.424078,80.556866,0,0,,2025-06-30 18:00:00,False
Goshala Tiluli,CHITRAKOOT,-,-,25.240443,81.43013,7,792,2026-01-01 00:00:00,2026-07-23 12:00:00,False
Government Polytechnic Fatehpur Narayanpur-Telyani-Medium,FATEHPUR,-,-,25.96666667,80.78666667,5,553,2026-01-01 00:00:00,2026-05-30 00:00:00,False
Government Polytechnic Fatehpur Narayanpur-Telyani-Shallow,FATEHPUR,-,-,25.96666667,80.78666667,4,450,2026-01-01 00:00:00,2026-04-27 00:00:00,False
Goyla,MUZAFFARNAGAR,MUZAFFARNAGAR,-,29.305,77.5925,9,831,2026-01-01 00:00:00,2026-09-05 12:00:00,True
"Gram Panchayat Office, Matanat Nagar",BAGHPAT,-,-,28.99831,77.425428,7,784,2026-01-01 00:00:00,2026-07-23 18:00:00,False
"Gram Panchayat Office, Rajapur",JHANSI,-,-,25.390369,78.35514,3,261,2026-02-01 00:00:00,2026-04-19 00:00:00,False
"Gram Panchayat Sachivalaya, Bhandara",MAHOBA,-,-,25.16067,79.834401,7,785,2026-01-01 01:44:00,2026-07-23 13:44:00,False
"Gram Panchayat Sachiwalaya / D.B.R. Ambedkar Samudayak Bhawan, Durkhuroo",JHANSI,-,-,25.604794,79.305284,9,884,2026-01-01 00:00:00,2026-09-05 18:00:00,True
"Gram Panchayat goshala, Sahoorpur",BANDA,-,-,25.726134,80.484619,7,793,2026-01-01 00:00:00,2026-07-23 12:00:00,False
Grampunchayat Sachiwalaya Deori,SONBHADRA,-,-,24.671632,83.147754,9,892,2026-01-01 00:00:00,2026-09-05 18:00:00,True
Gundaha,HAMIRPUR,-,-,25.6046,80.162658,8,618,2026-01-01 00:00:00,2026-09-05 18:00:00,True
Gundela_1,HAMIRPUR,-,-,25.616906,79.750963,3,261,2026-02-01 00:00:00,2026-04-19 00:00:00,False
Gurukul Inter College-Meerut-Shallow,MEERUT,-,-,28.981186,77.714493,5,553,2026-01-01 00:00:00,2026-05-30 00:00:00,False
Gwabali/Chaupura,JHANSI,-,-,25.17054,78.43797,7,556,2026-02-01 00:00:00,2026-09-05 18:00:00,False
Gyana Majra Pr. Vid.,MUZAFFARNAGAR,CHARTHAWAL,CHARTHAWAL,29.58694444,77.49777778,9,823,2026-01-01 00:00:00,2026-09-05 12:00:00,True
Gyanpur (UP-152),SANT RAVIDAS NAGAR,St Ravidas Nagar,-,25.375536,82.456182,5,509,2026-01-01 00:00:00,2026-05-30 00:00:00,False
HARNHAPUR PRATHAMIK VIDYALAYA,PRATAPGARH,-,-,25.829221,81.995258,9,790,2026-01-01 00:00:00,2026-09-05 18:00:00,True
HOLAGARH PURV MADHYAMIK VIDYALAYA,PRATAPGARH,-,-,25.641014,81.774224,9,802,2026-01-01 00:00:00,2026-09-05 18:00:00,True
Halwana,SAHARANPUR,Saharanpur,-,30.054007,77.717608,9,823,2026-01-01 00:00:00,2026-09-05 12:00:00,True
Hamirpur Kurara Damar,HAMIRPUR,-,-,25.983688,79.960714,9,836,2026-01-01 00:00:00,2026-09-05 18:00:00,True
Hamirpur Kurara Jalokhar,HAMIRPUR,-,-,25.965865,80.021851,9,794,2026-01-01 00:00:00,2026-09-05 18:00:00,True
Hamirpur Sarila Purani,HAMIRPUR,-,-,25.755058,79.771884,9,907,2026-01-01 02:50:00,2026-09-05 18:00:00,True
Hamirpur Sumerpur Etara,HAMIRPUR,-,-,25.778761,80.1550852,9,844,2026-01-01 00:00:00,2026-09-05 18:00:00,True
Hamirpur Sumerpur Para,HAMIRPUR,-,-,25.807394,80.194179,9,844,2026-01-01 00:00:00,2026-09-05 18:00:00,True
Hanna vinayak,CHITRAKOOT,-,-,25.301016,81.292986,6,475,2026-02-01 00:00:00,2026-09-05 18:00:00,False
Hasipur (UP-144),MIRZAPUR,Mirzapur,-,25.137507,82.858271,5,559,2026-01-01 00:00:00,2026-05-30 12:00:00,False
Haswa (UP-022),FATEHPUR,Fatehpur,-,25.53925,81.228361,5,523,2026-01-01 00:00:00,2026-05-30 06:00:00,False
Hathgaon (UP-026),FATEHPUR,Fatehpur,-,25.864921,81.127138,5,561,2026-01-01 06:00:00,2026-05-30 06:00:00,False
Hathras Hathras Hathras,HATHRAS,-,-,27.627038,78.136311,9,946,2026-01-01 00:00:00,2026-09-05 18:00:00,True
Hathras Mursan Chandapa Sandh,HATHRAS,-,-,27.520875,78.04112,9,906,2026-01-02 18:00:00,2026-09-05 00:00:00,True
"Health Center, Akbarpur Girwan",BANDA,-,-,25.290693,80.35944,7,781,2026-01-01 00:00:00,2026-07-22 18:00:00,False
"Health Center, Kalauli Jar",HAMIRPUR,-,-,25.860934,80.055763,7,775,2026-01-01 02:25:00,2026-07-23 02:25:00,False
High School & Inter College Boroda,MUZAFFARNAGAR,-,-,29.248289,77.433039,8,679,2026-01-01 00:00:00,2026-09-05 18:00:00,True
High School_2,BAGHPAT,-,-,28.998314,77.425395,7,786,2026-01-01 00:00:00,2026-07-23 12:00:00,False
"ITI Campus, ITI Campus Area",MUZAFFARNAGAR,-,-,29.441185,77.700481,9,781,2026-01-01 00:00:00,2026-09-05 18:00:00,True
Ichora_1,HAMIRPUR,-,-,25.871036,79.542624,7,470,2026-01-01 00:00:00,2026-09-05 18:00:00,False
Indrapura_2,HAMIRPUR,-,-,25.87192222,79.7010351,6,463,2026-02-01 00:00:00,2026-09-05 18:00:00,False
Inter Collage Khampar,DEORIA,-,-,26.355798,84.059758,9,904,2026-01-01 00:00:00,2026-09-05 18:00:00,True
"Inter College, Bamrauli-Baraut-Medium",BAGHPAT,-,-,29.10416667,77.26861111,5,565,2026-01-01 00:00:00,2026-05-30 00:00:00,False
"Inter College, Bamrauli-Baraut-Shallow",BAGHPAT,-,-,29.10416667,77.26861111,5,579,2026-01-01 00:00:00,2026-05-30 12:00:00,False
"Inter College, Bhadoi, Shallow",SANT RAVIDAS NAGAR,-,-,25.383272,82.553291,5,532,2026-01-01 00:00:00,2026-05-30 00:00:00,False
"Inter College, Bhadoi-Bhadoi-Medium",SANT RAVIDAS NAGAR,-,-,25.383272,82.553291,5,567,2026-01-01 00:00:00,2026-05-30 00:00:00,False
"Inter College, Nipura-Binauli-Medium",BAGHPAT,-,-,29.229167,77.401667,0,0,,2024-10-04 12:00:00,False
"Inter College, Nipura-Binauli-Shallow",BAGHPAT,-,-,29.229167,77.401667,5,561,2026-01-01 00:00:00,2026-05-30 12:00:00,False
"Inter College, Pratapur, Medium",MEERUT,-,-,29.170581,78.039529,2,141,2026-01-01 00:00:00,2026-02-05 00:00:00,False
"Inter College, Pratapur, Shallow",MEERUT,-,-,29.170581,78.039529,2,153,2026-01-01 00:00:00,2026-02-13 00:00:00,False
"Inter College, Sarv Hitakari",BAGHPAT,-,-,28.953525,78.291638,9,811,2026-01-01 00:00:00,2026-09-05 18:00:00,True
"Inter college, Tindwara",BANDA,Banda,-,25.420436,80.363969,8,891,2026-01-05 12:00:00,2026-08-29 00:00:00,True
"Irrigation Department, Amawar",SONBHADRA,-,-,24.1269591,83.294159,9,817,2026-01-01 00:00:00,2026-09-05 12:00:00,True
Jakha_1,MAHOBA,-,-,25.471516,79.466345,7,518,2026-02-01 00:00:00,2026-09-05 18:00:00,False
Jalala_1,HAMIRPUR,-,-,25.889639,80.237526,6,427,2026-02-01 00:00:00,2026-09-05 18:00:00,False
Jalaun (UP-115),JALAUN,JALAUN,-,26.135542,79.33413,5,580,2026-01-01 00:00:00,2026-05-30 06:00:00,False
Jamalpur (UP-146),MIRZAPUR,Mirzapur,-,25.147657,83.090524,5,488,2026-01-01 06:00:00,2026-05-29 18:00:00,False
Jamalpur_2,LALITPUR,-,-,24.92512,78.48457,8,679,2026-01-01 00:00:00,2026-09-05 18:00:00,True
Jamua Bajar (UP-149),MIRZAPUR,Mirzapur,-,25.203346,82.705092,5,549,2026-01-01 00:00:00,2026-05-30 00:00:00,False
"Janata Inter College, Lachheda",MUZAFFARNAGAR,-,-,29.410389,77.658445,9,931,2026-01-01 00:00:00,2026-09-05 18:00:00,True
"Janta Inter College, Kharkhauda, Medium",MEERUT,-,-,28.843055,77.741942,5,548,2026-01-01 06:00:00,2026-05-30 00:00:00,False
"Janta Inter College, Kharkhauda, Shallow",MEERUT,-,-,28.843055,77.741942,5,557,2026-01-01 00:00:00,2026-05-30 00:00:00,False
Jauharpur,BANDA,-,-,25.708463,80.56846,8,687,2026-01-01 00:00:00,2026-09-05 18:00:00,True
Jaunpur Dobhi Bagerwa,JAUNPUR,-,-,25.596996,83.013419,8,792,2026-01-01 00:00:00,2026-08-27 16:38:00,True
Jaunpur Dobhi Bankati,JAUNPUR,-,-,25.613383,83.012806,9,481,2026-01-01 00:00:00,2026-09-05 18:00:00,True
Jaunpur Dobhi Kachhawan,JAUNPUR,-,-,25.62784,83.003728,9,457,2026-01-01 00:00:00,2026-09-05 18:00:00,True
Jaunpur Dobhi Kakarapar,JAUNPUR,-,-,25.589937,83.038319,9,485,2026-01-01 00:00:00,2026-09-05 18:00:00,True
Jaunpur Jalalpur Katuwani,JAUNPUR,-,-,25.602903,82.852917,9,832,2026-01-01 00:00:00,2026-09-05 18:00:00,True
Jaunpur Jalalpur Marahi,VARANASI,-,-,25.588366,82.852917,9,782,2026-01-16 18:00:00,2026-09-05 18:00:00,False
Jaunpur Jalalpur Mathurapur,VARANASI,-,-,25.606294,82.843363,9,758,2026-01-16 18:00:00,2026-09-05 18:00:00,False
Jaunpur Jalalpur Vanpurwa,JAUNPUR,-,-,25.598358,82.817138,9,827,2026-01-01 00:00:00,2026-09-05 18:00:00,True
Jaunpur Jalalpur Vind,JAUNPUR,-,-,25.581071,82.845642,9,814,2026-01-01 06:00:00,2026-09-05 18:00:00,True
Jaunpur Kerakat  Kharg Senpur,JAUNPUR,-,-,25.598953,82.873162,9,879,2026-01-01 00:00:00,2026-09-05 18:00:00,True
Jaunpur Kerakat Barbaspur (Sohani),JAUNPUR,-,-,25.598945,82.873246,9,850,2026-01-01 00:00:00,2026-09-04 00:00:00,True
Jaunpur Kerakat Mahali,JAUNPUR,-,-,25.579298,82.947359,9,853,2026-01-01 00:00:00,2026-09-05 18:00:00,True
Jaunpur Kerakat Nihalapur,JAUNPUR,-,-,25.58865,82.891742,9,858,2026-01-01 00:00:00,2026-09-05 18:00:00,True
Jaunpur Kerakat Shivrampur Kalan,VARANASI,-,-,25.583748,82.929833,0,0,,2025-08-02 12:00:00,False
Jaunpur Rampur Jamdeeh,VARANASI,-,-,25.463807,82.667198,0,0,,2025-08-12 00:00:00,False
Jaunpur Rampur Kamaruddin,JAUNPUR,-,-,25.435949,82.712692,9,830,2026-01-01 06:00:00,2026-09-05 18:00:00,True
Jaunpur Rampur Kaseru Nonara,JAUNPUR,-,-,25.476637,82.620935,9,489,2026-01-01 00:00:00,2026-09-05 18:00:00,True
Jaunpur Rampur Kathwatiya,JAUNPUR,-,-,25.441039,82.700215,9,853,2026-01-01 00:00:00,2026-09-05 18:00:00,True
Jaunpur Rampur Prithvipur,VARANASI,-,-,25.446892,82.681823,9,374,2026-01-28 12:38:00,2026-09-05 18:00:00,False
Jaunpur Rampur Sultanpur,JAUNPUR,-,-,25.461207,82.638461,9,836,2026-01-01 00:00:00,2026-09-05 18:00:00,True
Jaurahi_1,BANDA,-,-,25.482499,80.438701,8,644,2026-01-09 12:00:00,2026-09-05 18:00:00,True
Jawar /Jhabar,LALITPUR,-,-,25.14884,78.56618,4,335,2026-02-01 00:00:00,2026-08-27 06:00:00,False
Jharar,LALITPUR,-,-,25.12981438,78.49342005,5,369,2026-02-01 00:00:00,2026-09-05 18:00:00,False
Jitakiri Danda,HAMIRPUR,-,-,25.88535,79.60473,7,494,2026-01-08 12:00:00,2026-09-05 18:00:00,False
Joramafi,CHITRAKOOT,-,-,25.004997,80.995863,6,448,2026-01-01 00:00:00,2026-07-11 18:00:00,False
"Jr. High School, Akbarpur",CHITRAKOOT,-,-,25.4194,81.09424,7,610,2026-01-01 00:00:00,2026-08-16 00:00:00,False
"Jr. High School, Purwa Tarouha",CHITRAKOOT,-,-,25.2842,81.2466,8,654,2026-01-01 00:00:00,2026-09-05 00:00:00,True
Junior HIgh School Amawan,CHITRAKOOT,-,-,25.318427,81.2073,7,791,2026-01-01 00:00:00,2026-07-17 12:00:00,False
Junior HIgh School Bhambhet,CHITRAKOOT,-,-,25.366483,81.166755,7,760,2026-01-02 00:00:00,2026-07-22 18:00:00,False
Junior HIgh School Cheriya Khurd,CHITRAKOOT,-,-,25.014267,80.99072,7,788,2026-01-01 00:00:00,2026-07-23 12:00:00,False
Junior HIgh School Dhadhawar,CHITRAKOOT,-,-,25.271344,81.32522,7,787,2026-01-01 00:00:00,2026-07-23 12:00:00,False
Junior HIgh School Khatawara,CHITRAKOOT,-,-,25.369462,81.136667,7,792,2026-01-01 02:53:00,2026-07-23 14:53:00,False
Junior HIgh School Sikari,CHITRAKOOT,-,-,25.322186,81.179059,7,786,2026-01-01 10:12:00,2026-07-23 10:12:00,False
"Junior HIgh School, Ballayn",MAHOBA,-,-,25.531496,79.671444,7,786,2026-01-01 00:00:00,2026-07-22 12:00:00,False
"Junior HIgh School, Bhatewara Kala",MAHOBA,-,-,25.438708,79.570416,7,785,2026-01-01 00:00:00,2026-07-23 12:00:00,False
"Junior HIgh School, Digaria",MAHOBA,-,-,25.129313,79.822106,7,790,2026-01-01 03:12:00,2026-07-23 09:12:00,False
"Junior HIgh School, Indrahata",MAHOBA,-,-,25.145504,79.475436,0,0,,2025-06-04 07:00:00,False
"Junior HIgh School, Kalla",HAMIRPUR,-,-,25.812662,79.99121,7,774,2026-01-01 00:00:00,2026-07-22 18:00:00,False
"Junior HIgh School, Sigaun",MAHOBA,-,-,25.120499,79.409797,7,785,2026-01-01 02:31:00,2026-07-23 14:31:00,False
"Junior HIgh School, Sijaria",MAHOBA,-,-,25.1032,79.8437,7,786,2026-01-01 00:00:00,2026-07-23 12:00:00,False
"Junior HIgh School, Surauli Buzurg",HAMIRPUR,-,-,25.879875,80.298302,7,780,2026-01-01 00:00:00,2026-07-22 18:00:00,False
"Junior HIgh School, Thathewra",MAHOBA,-,-,25.227793,79.672488,7,790,2026-01-01 00:40:00,2026-07-23 12:40:00,False
Junior High School Alipura,MAHOBA,-,-,25.43143,79.479733,7,764,2026-01-01 00:00:00,2026-07-23 12:00:00,False
Junior High School Bharpura,JHANSI,-,-,25.295985,79.222202,3,262,2026-01-01 00:00:00,2026-03-15 06:00:00,False
Junior High School Chorha,CHITRAKOOT,-,-,25.331511,81.146778,0,0,,2024-07-11 12:00:00,False
Junior High School Ghisoli,JHANSI,-,-,25.180392,78.463188,0,0,,2025-09-02 12:00:00,False
Junior High School Kadesara,LALITPUR,-,-,25.090405,78.4353,0,0,,2025-05-02 10:48:00,False
Junior High School Madwan,JHANSI,-,-,25.340962,79.199337,7,783,2026-01-01 02:31:00,2026-07-23 14:31:00,False
Junior High School Naya Gaon,JHANSI,-,-,25.258654,79.253985,7,786,2026-01-01 03:13:00,2026-07-23 15:13:00,False
Junior High School Sihiriya,JHANSI,-,-,25.244208,78.522504,9,908,2026-01-01 00:00:00,2026-09-05 06:00:00,True
Junior High School Tilera,JHANSI,-,-,25.327386,79.190505,7,770,2026-01-01 02:12:00,2026-07-23 08:12:00,False
"Junior High School, Banai",BANDA,-,-,25.320558,80.698321,7,788,2026-01-01 06:00:00,2026-07-23 00:00:00,False
"Junior High School, Bapretha",MAHOBA,-,-,25.470388,79.628699,7,794,2026-01-01 10:15:00,2026-07-23 10:15:00,False
"Junior High School, Bhasround",BANDA,-,-,25.342237,80.34512,7,782,2026-01-01 01:12:00,2026-07-23 13:12:00,False
"Junior High School, Chandour",BANDA,-,-,25.294451,80.7076,7,776,2026-01-01 02:25:00,2026-07-22 18:00:00,False
"Junior High School, Gudha",MAHOBA,-,-,25.448416,79.6774,7,775,2026-01-01 00:00:00,2026-07-23 12:00:00,False
"Junior High School, Jogiya Khera",MUZAFFARNAGAR,-,-,29.294346,77.382071,7,762,2026-01-01 00:00:00,2026-07-23 06:00:00,False
"Junior High School, Kamalpura",MAHOBA,-,-,25.295822,79.69586,7,778,2026-01-01 00:11:00,2026-07-23 12:11:00,False
"Junior High School, Kamruddeen Nagar",MUZAFFARNAGAR,-,-,29.273779,77.376764,7,771,2026-01-01 00:00:00,2026-07-23 12:00:00,False
"Junior High School, Kharad",MUZAFFARNAGAR,-,-,29.361897,77.412368,7,792,2026-01-01 00:00:00,2026-07-23 12:00:00,False
"Junior High School, Khera Mastan",MUZAFFARNAGAR,-,-,29.346313,77.38024,7,790,2026-01-01 00:00:00,2026-07-23 00:00:00,False
"Junior High School, Kolouha",BANDA,-,-,25.119174,80.672052,7,770,2026-01-01 00:00:00,2026-07-23 06:00:00,False
"Junior High School, Ladpur",MAHOBA,-,-,25.311363,79.715273,7,786,2026-01-01 00:00:00,2026-07-23 12:00:00,False
"Junior High School, Luhedi",MAHOBA,-,-,25.144908,79.635753,7,779,2026-01-01 00:00:00,2026-07-23 12:00:00,False
"Junior High School, Nagwara",BANDA,-,-,25.291054,80.627302,7,727,2026-01-01 00:00:00,2026-07-05 18:00:00,False
"Junior High School, Nanaora",MAHOBA,-,-,25.192419,79.695442,5,540,2026-01-01 00:00:00,2026-05-21 00:00:00,False
"Junior High School, Pithaurabad",BANDA,-,-,25.299383,80.358437,7,741,2026-01-01 00:00:00,2026-07-13 18:00:00,False
"Junior High School, Rawatpura Khurd",MAHOBA,-,-,25.258572,79.66424,7,786,2026-01-01 06:00:00,2026-07-23 06:00:00,False
"Junior High School, Sahurapur",HAMIRPUR,-,-,25.89018,80.057981,7,789,2026-01-01 00:00:00,2026-07-23 12:00:00,False
"Junior High School, Sugira",MAHOBA,-,-,25.34027,79.608336,7,780,2026-01-01 00:00:00,2026-07-23 12:00:00,False
"Junior High School, Tika Mau",MAHOBA,-,-,25.324057,79.949324,7,753,2026-01-01 00:00:00,2026-07-17 00:00:00,False
"Junior High School, Turra",BANDA,-,-,25.254282,80.627025,7,788,2026-01-01 00:00:00,2026-07-23 12:00:00,False
"Junior High School, Urwara",MAHOBA,-,-,25.176167,79.734834,7,782,2026-01-01 00:00:00,2026-07-23 12:00:00,False
"K.N.S. Mahavidhyalaya, Gyanpur, Medium",SANT RAVIDAS NAGAR,-,-,25.33555556,82.46638889,5,546,2026-01-01 00:00:00,2026-05-30 00:00:00,False
"K.N.S. Mahavidhyalaya, Gyanpur, Shallow",SANT RAVIDAS NAGAR,-,-,25.33555556,82.46638889,5,569,2026-01-01 00:00:00,2026-05-30 00:00:00,False
KOSHAK IMAM PRATHMIK VIDYALAYA,KAUSHAMBI,-,-,25.355687,81.389265,9,682,2026-01-01 00:00:00,2026-09-05 18:00:00,True
Kadaura (UP-113),JALAUN,JALAUN,-,25.985663,79.833937,5,574,2026-01-01 00:00:00,2026-05-30 06:00:00,False
Kajitola (UP-062),BANDA,Banda,-,25.655548,80.724427,5,564,2026-01-01 00:00:00,2026-05-30 06:00:00,False
"Kalkadham P.G College, Medium",VARANASI,-,-,25.368438,82.745323,5,568,2026-01-01 00:00:00,2026-05-30 00:00:00,False
Kalmajara,CHITRAKOOT,-,-,25.161461,81.444827,7,481,2026-01-01 00:00:00,2026-08-12 12:00:00,False
Kamhariya_1,HAMIRPUR,-,-,25.70844,80.03506,8,675,2026-01-01 00:00:00,2026-09-05 18:00:00,True
Kandhari Kala,LALITPUR,-,-,25.18166,78.56607,8,682,2026-01-01 06:00:00,2026-09-05 18:00:00,True
Kandhari Khurd,LALITPUR,-,-,25.11125,78.57826,7,473,2026-01-01 00:00:00,2026-09-05 18:00:00,False
Kandhouli,HAMIRPUR,-,-,25.611152,79.786977,6,466,2026-02-01 00:00:00,2026-09-05 18:00:00,False
Kara (UP-033),KAUSHAMBI,Kaushambi,-,25.712779,81.232777,5,433,2026-01-01 00:00:00,2026-05-29 18:00:00,False
Khaptiha,CHITRAKOOT,-,-,25.230661,81.347993,7,541,2026-01-01 00:00:00,2026-08-06 06:00:00,False
Kharauch,BANDA,-,-,25.17654,80.493108,7,513,2026-02-01 00:00:00,2026-09-05 18:00:00,False
Khedki_1,BAGHPAT,-,-,29.038889,77.237337,8,681,2026-01-01 00:00:00,2026-09-05 18:00:00,True
Khichari,CHITRAKOOT,-,-,25.0465603,81.11074045,7,553,2026-02-01 00:00:00,2026-09-05 18:00:00,False
Khojapur,AZAMGARH,Azamgarh,-,26.068889,83.238889,9,827,2026-01-01 00:00:00,2026-09-05 12:00:00,True
Khursropur,MUZAFFARNAGAR,MUZAFFARNAGAR,-,29.513333,77.576389,9,823,2026-01-01 00:00:00,2026-09-05 12:00:00,True
Kihuniya,CHITRAKOOT,-,-,25.01519625,80.95620535,6,496,2026-02-01 00:00:00,2026-09-05 18:00:00,False
Kiswahi,HAMIRPUR,-,-,25.73661272,80.27462258,6,433,2026-01-01 00:00:00,2026-07-04 15:21:00,False
Konch (UP-111),JALAUN,JALAUN,-,25.991409,79.160233,5,564,2026-01-01 00:00:00,2026-05-30 06:00:00,False
Kukargaon (UP-112),JALAUN,JALAUN,-,26.048665,79.39631,5,579,2026-01-01 00:00:00,2026-05-30 06:00:00,False
Kukwa Khaas,BANDA,-,-,25.73427,80.40697157,8,673,2026-01-01 00:00:00,2026-09-05 18:00:00,True
Kurari,CHITRAKOOT,-,-,25.254,80.708,5,273,2026-02-01 00:00:00,2026-07-25 13:25:00,False
Kusarma,MAHOBA,-,-,25.474473,79.705984,8,663,2026-01-01 00:00:00,2026-09-05 18:00:00,True
Kushinagar Captanganj Captanganj,KUSHINAGAR,-,-,26.929571,83.722809,9,840,2026-01-01 00:00:00,2026-09-05 18:00:00,True
Kushinagar Captanganj Senduriya Vishunpur,KUSHINAGAR,-,-,26.853547,83.570716,9,896,2026-01-01 00:00:00,2026-09-05 00:00:00,True
Kushinagar Dudhai Dudhai,KUSHINAGAR,-,-,26.797767,84.156572,9,818,2026-01-01 00:00:00,2026-09-05 00:00:00,True
Kushinagar Dudhai Gorariya,KUSHINAGAR,-,-,26.842403,84.1513214,9,860,2026-01-01 00:00:00,2026-09-05 18:00:00,True
Kushinagar Dudhai Lala Chhapra,KUSHINAGAR,-,-,26.816625,84.087488,9,856,2026-01-01 00:00:00,2026-09-05 18:00:00,True
Kushinagar Fazilnagar  Belwakala,KUSHINAGAR,-,-,26.641525,84.032483,9,870,2026-01-01 00:00:00,2026-09-05 18:00:00,True
Kushinagar Fazilnagar Jokwa Bujurg,KUSHINAGAR,-,-,26.69364,84.013048,9,846,2026-01-01 00:00:00,2026-09-05 18:00:00,True
Kushinagar Fazilnagar Narayanpur Khoti,KUSHINAGAR,-,-,26.585795,84.010243,9,862,2026-01-01 00:00:00,2026-09-05 18:00:00,True
Kushinagar Khadda Basdila,KUSHINAGAR,-,-,27.17613,83.885634,9,830,2026-01-01 00:00:00,2026-09-05 18:00:00,True
Kushinagar Khadda Khadda,KUSHINAGAR,-,-,26.863188,83.958825,9,925,2026-01-01 00:00:00,2026-09-05 18:00:00,True
Kushinagar Khadda Shivdatt Chapra,GORAKHPUR,-,-,27.090328,83.88871,7,568,2026-01-01 00:00:00,2026-09-05 00:00:00,False
Kushinagar Motichak Mathauli Bazar,KUSHINAGAR,-,-,26.857247,83.748407,9,817,2026-01-01 00:00:00,2026-09-04 00:00:00,True
Kushinagar Motichak Motichak,KUSHINAGAR,-,-,26.788696,83.716851,9,877,2026-01-01 00:00:00,2026-09-05 00:00:00,True
Kushinagar Sewarhi  Rampur Bagra N0.2,GORAKHPUR,-,-,26.615684,84.3281556,9,850,2026-01-01 00:00:00,2026-09-05 18:00:00,True
Kushinagar Sewarhi Sewarhi,KUSHINAGAR,-,-,26.724761,84.216518,9,857,2026-01-01 00:00:00,2026-09-05 18:00:00,True
Kushinagar Tamkuhi Rajwatiya,KUSHINAGAR,-,-,26.689937,84.115806,9,896,2026-01-01 00:00:00,2026-09-05 00:00:00,True
Kushinagar Tamkuhi Tamkuhi,KUSHINAGAR,-,-,26.88383,84.012076,9,842,2026-01-01 00:00:00,2026-09-05 18:00:00,True
Ladaka Purwa,BANDA,-,-,25.50235471,80.35637947,8,692,2026-01-01 00:00:00,2026-09-05 18:00:00,True
Lagdi Gullar Prathmik Vidyalaya,SHRAWASTI,-,-,27.596,81.7717,9,824,2026-01-01 00:00:00,2026-09-05 18:00:00,True
"Lakna Dev Mandir, Mankuwa",JHANSI,-,-,25.20597,78.462413,6,668,2026-01-01 00:00:00,2026-06-28 18:00:00,False
Lakshamanpur (UP-038),PRATAPGARH,PRATAPGARH,-,25.895635,81.759643,3,213,2026-01-01 00:00:00,2026-03-01 00:00:00,False
Lalganj (UP-036),PRATAPGARH,PRATAPGARH,-,25.918423,81.537509,5,542,2026-01-01 00:00:00,2026-05-30 06:00:00,False
Lalganj (UP-141),MIRZAPUR,Mirzapur,-,25.011418,82.429315,2,151,2026-01-01 00:00:00,2026-02-07 12:00:00,False
"Late Prahlad Singh Smarak Mahavidyalay , Gaurikalan",BANDA,Banda,-,25.826463,80.341144,7,757,2026-01-01 00:00:00,2026-07-23 00:00:00,False
Lodhaura Barethi (UP-065),CHITRAKOOT,Chitrakoot,-,25.317093,81.223752,5,518,2026-01-01 00:00:00,2026-05-28 18:00:00,False
Lokadsandha (UP-157),MUZAFFARNAGAR,MUZAFFARNAGAR,-,29.48777778,77.65055556,1,97,2026-01-01 00:00:00,2026-01-28 00:00:00,False
Loni,GHAZIABAD,GHAZIABAD,-,28.765556,77.299444,0,0,,2022-09-19 12:00:00,False
Luhsana_1,MUZAFFARNAGAR,-,-,29.32,77.458,4,322,2026-01-01 00:00:00,2026-04-19 00:00:00,False
Luktra,BANDA,-,-,25.610073,80.320509,8,592,2026-01-01 00:00:00,2026-09-05 18:00:00,True
"M.V, Jafarpur, Medium",AZAMGARH,-,-,25.959456,83.003974,0,0,,2025-07-03 00:00:00,False
"M.V, Jafarpur, Shallow",AZAMGARH,-,-,25.959456,83.003974,0,0,,2025-05-11 12:00:00,False
MANDHATA PURV MADHYAMIK VIDYALAYA,PRATAPGARH,-,-,25.794536,81.88136,9,802,2026-01-01 00:00:00,2026-09-05 18:00:00,True
Macha_1,HAMIRPUR,-,-,25.688943,80.035201,5,435,2026-02-01 00:00:00,2026-07-29 14:56:00,False
Machhariha,CHITRAKOOT,-,-,25.205156,80.81978,3,257,2026-02-01 00:00:00,2026-04-17 00:00:00,False
Machhra (UP-057),MEERUT,MEERUT,-,28.88888889,77.88638889,5,456,2026-01-01 00:00:00,2026-05-29 18:00:00,False
Madarpur_1,HAMIRPUR,-,-,25.64685518,80.1016,8,660,2026-01-01 00:00:00,2026-09-05 18:00:00,True
Madhogarh (UP-116),JALAUN,JALAUN,-,26.271536,79.188666,5,468,2026-01-01 00:00:00,2026-05-29 18:00:00,False
Madhupur (UP-042),PRATAPGARH,PRATAPGARH,-,25.98972,82.061555,0,0,,2021-08-07 06:00:00,False
"Madhyamik Vidhyalaya, Dulha Daul",MIRZAPUR,-,-,25.0510555,82.7976881,9,805,2026-01-01 00:00:00,2026-09-05 12:00:00,True
"Mahadeva Temple, Mahadeva",SANT RAVIDAS NAGAR,-,-,25.2583663,82.210953,9,825,2026-01-01 00:00:00,2026-09-05 12:00:00,True
Mahanmai (UP-004),ETAH,Etah,-,27.482222,78.242222,5,528,2026-01-01 00:00:00,2026-05-30 00:00:00,False
Maharajganj Dhani Nausagar,MAHARAJGANJ,-,-,27.170024,83.18968,9,751,2026-01-01 00:00:00,2026-09-05 18:00:00,True
Maharajganj Mithaura Bhagatar,MAHARAJGANJ,-,-,27.219543,83.661949,9,773,2026-01-01 00:00:00,2026-09-05 18:00:00,True
Maharajganj Mithaura Madanpura,MAHARAJGANJ,-,-,27.284935,83.691957,9,842,2026-01-01 00:00:00,2026-09-05 18:00:00,True
Maharajganj Nautanwa Purniha,MAHARAJGANJ,-,-,27.37898,83.710192,9,761,2026-01-01 00:00:00,2026-09-05 18:00:00,True
Maharajganj Nautanwa Sampatiha,MAHARAJGANJ,-,-,27.349231,83.374206,9,821,2026-01-01 00:00:00,2026-09-05 18:00:00,True
Maharajganj Nichlaul Balaekhor,MAHARAJGANJ,-,-,27.23984,83.750953,9,879,2026-01-01 00:00:00,2026-09-05 18:00:00,True
Maharajganj Nichlaul Garaura,MAHARAJGANJ,-,-,27.428224,83.448121,8,864,2026-01-01 00:00:00,2026-08-31 12:00:00,True
Maharajganj Siswa Siswa,MAHARAJGANJ,-,-,27.141974,83.767362,9,838,2026-01-01 00:00:00,2026-09-05 18:00:00,True
Mahewa (UP-117),JALAUN,JALAUN,-,26.152687,79.630203,6,594,2026-01-01 00:00:00,2026-06-03 18:00:00,False
Mahgaon (UP-031),KAUSHAMBI,Kaushambi,-,25.508611,81.6138994,9,857,2026-01-01 00:00:00,2026-09-04 00:00:00,True
Mahoba Charkhari Kuaan,MAHOBA,-,-,25.547944,79.880034,9,902,2026-01-01 00:00:00,2026-09-05 18:00:00,True
Mahoba Charkhari Natara,MAHOBA,-,-,25.463484,79.828343,9,912,2026-01-01 00:00:00,2026-09-05 18:00:00,True
Mahoba Charkhari Padha,MAHOBA,-,-,25.486655,79.879987,9,835,2026-01-01 00:00:00,2026-09-03 00:00:00,True
Mahoba Jaitpur Pasanabaad,CHITRAKOOT,-,-,25.147497,79.49004,0,0,,2025-02-13 06:00:00,False
Mahoba Jaitpur saguniyamaph,MAHOBA,-,-,25.175313,79.466089,9,873,2026-01-01 00:00:00,2026-09-05 18:00:00,True
Mahoba Kabrai Bejanagar,CHITRAKOOT,-,-,25.283158,79.91282,0,0,,2025-05-07 00:00:00,False
Mahoba Kabrai Karaha,MAHOBA,-,-,25.48727,80.086818,9,882,2026-01-01 00:00:00,2026-09-05 18:00:00,True
Mahoba Kabrai Sisri Kala,MAHOBA,-,-,25.464895,80.093568,9,844,2026-01-01 00:00:00,2026-09-05 18:00:00,True
Mahoba Panwari Didvara,MAHOBA,-,-,25.381003,79.45285,9,848,2026-01-01 00:00:00,2026-09-05 18:00:00,True
Mahrupur,AZAMGARH,Azamgarh,-,26.191667,82.9125,3,124,2026-07-27 18:00:00,2026-09-05 12:00:00,False
Mainpuri Karhal  Rajpur,MAINPURI,-,-,26.997657,78.939961,9,691,2026-01-01 00:00:00,2026-09-01 00:00:00,True
Mainpuri Karhal Attekullapur,AGRA,-,-,27.007894,78.890453,0,0,,2024-02-24 00:00:00,False
Mainpuri Karhal Mohabbatpur,MAINPURI,-,-,26.961816,79.017749,8,904,2026-01-01 00:00:00,2026-08-30 12:00:00,True
Mainpuri Karhal Naglamdari,MAINPURI,-,-,27.101155,78.986265,9,848,2026-01-01 00:00:00,2026-09-05 18:00:00,True
Mainpuri Karhal Takhrau,MAINPURI,-,-,28.994016,78.995099,9,952,2026-01-01 00:00:00,2026-09-05 00:00:00,True
Mainpuri Karhal Timrakh,MAINPURI,-,-,27.069532,79.096808,8,919,2026-01-01 00:00:00,2026-08-29 00:00:00,True
Mandhata (UP-034),PRATAPGARH,PRATAPGARH,-,25.801045,81.854965,5,565,2026-01-01 00:00:00,2026-05-30 06:00:00,False
Mandi Samiti-Muzaffar Nagar-Medium,MUZAFFARNAGAR,-,-,29.486809,77.686751,9,829,2026-01-01 00:00:00,2026-09-04 00:00:00,True
Mandi Samiti-Muzaffar Nagar-Shallow,MUZAFFARNAGAR,-,-,29.486809,77.686751,5,565,2026-01-01 00:00:00,2026-05-29 00:00:00,False
Mandi Tehsi Parisar-Rampur Maniharan-Medium,SAHARANPUR,-,-,29.78,77.45,5,573,2026-01-01 00:00:00,2026-05-30 00:00:00,False
Mandi Tehsi Parisar-Rampur Maniharan-Shallow,SAHARANPUR,-,-,29.78,77.45,5,552,2026-01-01 06:00:00,2026-05-30 00:00:00,False
Manduwala (UP-161),SAHARANPUR,Saharanpur,-,30.08027778,77.74138889,5,549,2026-01-01 00:00:00,2026-05-30 00:00:00,False
Manjhanpur (UP-030),KAUSHAMBI,Kaushambi,-,25.533171,81.383953,1,64,2026-01-01 06:00:00,2026-01-19 00:00:00,False
Mankuwar,CHITRAKOOT,-,-,25.24603172,81.41526157,8,664,2026-01-01 00:00:00,2026-09-05 18:00:00,True
Manpur_6,CHITRAKOOT,-,-,25.13010284,80.69639798,0,0,,2024-09-10 18:00:00,False
Mathura Baldeo  Khanpur,MATHURA,-,-,27.431282,77.785794,9,822,2026-01-01 00:00:00,2026-09-05 18:00:00,True
Mathura Chaumuha Navagaon-11,MATHURA,-,-,27.706068,77.605101,9,830,2026-01-01 00:00:00,2026-09-05 18:00:00,True
Mathura Chhata Chandauri,MATHURA,-,-,27.771346,77.50228,9,775,2026-01-01 00:00:00,2026-09-04 00:00:00,True
Mathura Chhata Majhoi,AGRA,-,-,27.859156,77.559176,0,0,,2024-12-19 06:00:00,False
Mathura Chhata Sher Nagar,MATHURA,-,-,27.860366,77.534875,9,850,2026-01-01 06:00:00,2026-09-05 18:00:00,True
Mathura Nandgaon Nandgaon Dehat,MATHURA,-,-,27.716469,77.385499,9,825,2026-01-01 00:00:00,2026-09-05 18:00:00,True
Mathura Nandgaon Vathainkala,MATHURA,-,-,27.777899,77.38627,9,814,2026-01-01 00:00:00,2026-09-05 00:00:00,True
Mathura Naujheel Badharra,MATHURA,-,-,27.871051,77.687433,9,871,2026-01-01 00:00:00,2026-09-05 18:00:00,True
Mathura Pharah Nagala Medhaki,MATHURA,-,-,27.35226,77.72607,9,903,2026-01-01 00:00:00,2026-09-05 00:00:00,True
Mathura Rayan Kharaba,MATHURA,-,-,27.573159,77.793496,9,899,2026-01-01 00:00:00,2026-09-05 18:00:00,True
Meerut City (UP-059),MEERUT,MEERUT,-,28.950715,77.695545,5,572,2026-01-01 00:00:00,2026-05-30 06:00:00,False
Meerut Janikhurd Afjalpur Pavati,MEERUT,-,-,28.981737,77.610493,9,856,2026-01-01 00:00:00,2026-09-05 18:00:00,True
Meerut Janikhurd Satvai,MEERUT,-,-,29.010587,77.545764,9,845,2026-01-01 00:00:00,2026-09-05 18:00:00,True
Meerut Sardhana Chhabariya,MEERUT,-,-,29.156717,77.577927,8,740,2026-01-01 00:00:00,2026-09-05 18:00:00,True
Meerut Sardhana Nawabgarhi,MEERUT,-,-,29.161006,77.619488,9,784,2026-01-17 15:40:00,2026-09-05 18:00:00,False
Meetli,BAGHPAT,BAGHPAT,-,28.963056,77.304167,0,0,,2022-09-19 06:00:00,False
Meetli--Medium,BAGHPAT,-,-,28.963056,77.304167,3,272,2026-01-01 06:00:00,2026-03-15 00:00:00,False
Meetli--Shallow,BAGHPAT,-,-,28.963056,77.304167,5,545,2026-01-01 00:00:00,2026-05-29 00:00:00,False
Mirzapur City (UP-154),MIRZAPUR,Mirzapur,-,25.151435,82.58269,5,463,2026-01-01 06:00:00,2026-05-29 18:00:00,False
Mragayan  (UP-006),ETAH,Etah,-,27.573998,78.468927,5,511,2026-01-01 00:00:00,2026-05-29 18:00:00,False
Mukera_1,BANDA,-,-,25.12744875,80.40231075,7,548,2026-02-01 00:00:00,2026-09-05 18:00:00,False
Muranda (UP-001),AGRA,AGRA,-,27.225242,77.844133,3,269,2026-01-01 00:00:00,2026-03-11 00:00:00,False
Murwa_1,BANDA,-,-,25.29273,80.40833,8,668,2026-01-01 00:00:00,2026-09-05 18:00:00,True
Musail,SAHARANPUR,Saharanpur,-,30.133333,77.670833,0,0,,2025-05-18 12:00:00,False
Muskara Block New 2020,HAMIRPUR,-,-,25.660849,79.7952,7,591,2026-01-01 00:00:00,2026-09-05 18:00:00,False
Muzaffarnagar City (UP-164),MUZAFFARNAGAR,MUZAFFARNAGAR,-,29.566899,77.707397,0,0,,2025-06-24 00:00:00,False
NADIHAR -III  (UP-142),MIRZAPUR,Mirzapur,-,24.85888889,82.85916667,0,0,,2023-09-21 12:00:00,False
"Nagar Palika Campus, Gyanpur",SANT RAVIDAS NAGAR,-,-,25.3332077,82.4683371,9,817,2026-01-01 00:00:00,2026-09-05 12:00:00,True
Nagar_7,CHITRAKOOT,-,-,24.98677446,81.08204406,7,559,2026-01-01 00:00:00,2026-09-05 18:00:00,False
Nagla Bhagna (UP-010),Kansiram Nagar,Kasganj,-,27.715335,78.941945,6,596,2026-01-01 00:00:00,2026-06-02 12:00:00,False
Naglakabu_1,MEERUT,-,-,28.897382,77.800233,8,692,2026-01-01 00:00:00,2026-09-05 18:00:00,True
Narajit,BANDA,-,-,25.81312,80.29355,8,639,2026-01-02 18:00:00,2026-09-05 18:00:00,True
Narayan_1,BANDA,-,-,25.89027,80.36137,6,510,2026-02-01 00:00:00,2026-09-05 18:00:00,False
Nari_3,BANDA,-,-,25.74300572,80.43468566,7,477,2026-01-01 00:00:00,2026-08-17 18:00:00,False
"Naveen Prathmik Health Care Center, Chandaut Danda",HAMIRPUR,-,-,25.900893,79.664902,7,786,2026-01-01 00:00:00,2026-07-23 12:00:00,False
Navrasia,AZAMGARH,Azamgarh,-,25.7725,83.186111,9,835,2026-01-01 00:00:00,2026-09-05 12:00:00,True
Nihi,CHITRAKOOT,-,-,24.995009,81.117111,5,266,2026-02-01 00:00:00,2026-08-11 15:24:00,False
Niwabhari Prathmik Vidyalaya,SHRAWASTI,-,-,27.7121,81.80311,9,832,2026-01-01 00:00:00,2026-09-05 18:00:00,True
"Office of Assistant Director, Resham",SONBHADRA,Sonbhadra,-,24.70463,83.016432,9,900,2026-01-01 00:00:00,2026-09-04 18:00:00,True
"Office of the Development Officer, Dakore",JALAUN,-,-,25.875155,79.424354,9,885,2026-01-01 00:00:00,2026-09-05 18:00:00,True
Outside CHC Punawali Kalan,JHANSI,-,-,25.501911,78.47321,7,783,2026-01-01 12:00:00,2026-07-23 12:00:00,False
"P.M.V, Kotwa, Medium",AZAMGARH,-,-,26.02388889,83.14,5,525,2026-01-01 00:00:00,2026-05-29 18:00:00,False
"P.M.V, Kotwa, Shallow",AZAMGARH,-,-,26.02388889,83.14,0,0,,2025-09-06 00:00:00,False
"P.M.V, Raghunathpur, Medium",AZAMGARH,-,-,26.044369,83.252363,0,0,,2022-12-28 12:00:00,False
"P.M.V, Raghunathpur, Shallow",AZAMGARH,-,-,26.044369,83.252363,0,0,,2022-02-16 06:00:00,False
P.S Engohata,HAMIRPUR,-,-,25.754925,80.11454,8,666,2026-01-01 00:00:00,2026-09-05 18:00:00,True
"P.S, Sathiyaon, Medium",AZAMGARH,-,-,26.044369,83.252363,5,548,2026-01-01 06:00:00,2026-05-30 00:00:00,False
"P.S, Sathiyaon, Shallow",AZAMGARH,-,-,26.044369,83.252363,0,0,,2025-07-13 00:00:00,False
"P.S. ( First), Pindra, Medium",VARANASI,-,-,25.49416667,82.82444444,2,26,2026-01-02 18:00:00,2026-02-01 18:00:00,False
"P.V, Bhadauli, Medium",AZAMGARH,-,-,26.05222,83.139172,5,557,2026-01-01 00:00:00,2026-05-30 00:00:00,False
"P.V, Bhadauli, Shallow",AZAMGARH,-,-,26.05222,83.139172,5,565,2026-01-01 00:00:00,2026-05-28 00:00:00,False
"P.V., Khurana, Shallow",VARANASI,-,-,25.32,82.866667,0,0,,2025-07-28 12:00:00,False
"P.V., Saraiya, Shallow",VARANASI,-,-,25.40361111,82.91583333,0,0,,2025-03-04 06:00:00,False
PAHARPUR BARIGAWA PRATHMIK VIDYALAYA,FATEHPUR,-,-,25.961711,80.363301,9,810,2026-01-01 00:00:00,2026-09-05 18:00:00,True
PHOOLTALI UCHTTAR PRATHAMIK VIDYALAYA,PRATAPGARH,-,-,25.750524,81.505659,2,80,2026-08-07 18:00:00,2026-09-05 18:00:00,False
PRIMARY SCHOOL BAKAR GANJ,KAUSHAMBI,-,-,25.387514,81.305159,9,810,2026-01-01 00:00:00,2026-09-05 18:00:00,True
PRIMARY SCHOOL RAMUGHAT,GORAKHPUR,-,-,26.89764,83.29065,9,818,2026-01-01 00:00:00,2026-09-05 12:00:00,True
PURAB SARIRA PRATHMIK VIDYALAYA,KAUSHAMBI,-,-,25.416618,81.318426,7,650,2026-01-01 00:00:00,2026-07-23 12:00:00,False
Paderi,BANDA,-,-,25.80037425,80.44327684,8,661,2026-01-01 00:00:00,2026-09-05 18:00:00,True
Pahadpur_1,BANDA,-,-,25.27187034,80.44857213,7,525,2026-01-01 00:00:00,2026-09-05 18:00:00,False
Pahara_2,CHITRAKOOT,-,-,25.228827,80.786165,8,670,2026-01-01 06:00:00,2026-09-05 18:00:00,True
Pahari (UP-143),MIRZAPUR,Mirzapur,-,25.059042,82.68727,5,553,2026-01-01 00:00:00,2026-05-30 06:00:00,False
Pailani (UP-063),BANDA,Banda,-,25.759611,80.425317,5,573,2026-01-01 00:00:00,2026-05-28 00:00:00,False
Palhari_1,BANDA,-,-,25.47025,80.364346,8,637,2026-01-09 12:00:00,2026-09-05 18:00:00,True
Panchayat Bhawan  Ahiri,CHITRAKOOT,-,-,25.269265,81.356089,7,785,2026-01-01 01:36:00,2026-07-23 13:36:00,False
Panchayat Bhawan  Banwar,CHITRAKOOT,-,-,25.316688,81.39296,7,778,2026-01-01 01:38:00,2026-07-23 13:38:00,False
Panchayat Bhawan  Luhari,MAHOBA,-,-,25.410616,79.661636,7,783,2026-01-01 12:00:00,2026-07-23 12:00:00,False
Panchayat Bhawan  Sitaura,JHANSI,-,-,25.27126,79.206834,7,784,2026-01-01 02:02:00,2026-07-23 14:02:00,False
Panchayat Bhawan  Suhel,CHITRAKOOT,-,-,25.325606,81.308109,9,815,2026-01-01 01:17:00,2026-09-04 13:17:00,True
Panchayat Bhawan  Tamai Nadin Kurmiya,CHITRAKOOT,-,-,25.344204,81.151135,7,656,2026-01-01 06:58:00,2026-07-22 18:02:00,False
Panchayat Bhawan  Ugarpur,LALITPUR,-,-,25.158432,78.554512,7,795,2026-01-01 00:00:00,2026-07-23 12:00:00,False
"Panchayat Bhawan , Ghatoli",BAGHPAT,-,-,28.924525,77.435893,7,751,2026-01-01 00:00:00,2026-07-23 12:00:00,False
"Panchayat Bhawan , Jafarabad Nagla",BAGHPAT,-,-,29.0172,77.308,9,796,2026-01-01 00:00:00,2026-09-04 18:00:00,True
"Panchayat Bhawan , Jaraui",MAHOBA,-,-,25.510303,79.703956,7,787,2026-01-01 00:00:00,2026-07-23 12:00:00,False
"Panchayat Bhawan , Kaithi",HAMIRPUR,-,-,25.759642,80.297531,6,632,2026-01-01 00:00:00,2026-06-19 18:00:00,False
"Panchayat Bhawan , Ladpura",MAHOBA,-,-,25.188204,79.432844,7,796,2026-01-01 00:00:00,2026-07-23 12:00:00,False
"Panchayat Bhawan , Pachkhura Buzurg",HAMIRPUR,-,-,25.861874,80.270541,2,98,2026-01-01 00:00:00,2026-02-02 06:00:00,False
Panchayat Bhawan Kuda Nar Singhpur,BUDAUN,-,-,28.005664,78.98789,9,877,2026-01-01 00:00:00,2026-09-05 18:00:00,True
Panchayat Bhawan Usmanpur,BUDAUN,-,-,28.121016,78.671116,9,909,2026-01-01 00:00:00,2026-09-05 18:00:00,True
"Panchayat Bhawan, Akathauha",MAHOBA,-,-,25.400687,79.681933,7,784,2026-01-01 00:00:00,2026-07-23 06:00:00,False
"Panchayat Bhawan, Bal Khera",BANDA,-,-,25.357694,80.422802,7,783,2026-01-01 00:00:00,2026-07-23 12:00:00,False
"Panchayat Bhawan, Barimanpur",BANDA,-,-,25.294985,80.347917,7,788,2026-01-01 02:35:00,2026-07-23 14:35:00,False
"Panchayat Bhawan, Baura",MAHOBA,-,-,25.331681,79.571678,7,781,2026-01-01 02:12:00,2026-07-23 14:12:00,False
"Panchayat Bhawan, Bawana",MUZAFFARNAGAR,-,-,29.323256,77.491142,7,791,2026-01-01 00:00:00,2026-07-23 12:00:00,False
"Panchayat Bhawan, Bhusasi",BANDA,-,-,25.261132,80.671146,7,789,2026-01-01 00:00:00,2026-07-23 12:00:00,False
"Panchayat Bhawan, Birauna",BANDA,-,-,25.14424,80.551902,7,788,2026-01-01 02:38:00,2026-07-23 14:38:00,False
"Panchayat Bhawan, Chamraha",BANDA,-,-,25.397248,80.185657,7,793,2026-01-01 01:24:00,2026-07-23 13:24:00,False
"Panchayat Bhawan, Dohri",MIRZAPUR,-,-,25.1685239,83.1094358,9,825,2026-01-01 00:00:00,2026-09-05 12:00:00,True
"Panchayat Bhawan, Gore Mau Kalan",BANDA,-,-,25.075345,80.606057,7,787,2026-01-01 05:20:00,2026-07-22 23:20:00,False
"Panchayat Bhawan, Jamawara",BANDA,-,-,25.16603,80.4147,7,787,2026-01-01 00:00:00,2026-07-22 18:00:00,False
"Panchayat Bhawan, Karachha",BANDA,-,-,25.439089,80.262614,7,789,2026-01-01 05:44:00,2026-07-23 11:44:00,False
"Panchayat Bhawan, Kul Doomri",SONBHADRA,-,-,24.2102896,82.8047791,9,821,2026-01-01 00:00:00,2026-09-05 12:00:00,True
"Panchayat Bhawan, Pura Kalan",LALITPUR,-,-,25.056887,78.612137,0,0,,2025-05-02 12:00:00,False
"Panchayat Bhawan, Shikarpur",MUZAFFARNAGAR,-,-,29.371539,77.492369,7,789,2026-01-01 05:06:00,2026-07-23 11:06:00,False
Panchayat Bhawan_1,MEERUT,-,-,28.94869,77.803722,7,777,2026-01-01 00:00:00,2026-07-23 00:00:00,False
"Panchayat Bhwan, Kon",SONBHADRA,-,-,24.3397623,83.3637455,9,821,2026-01-01 00:00:00,2026-09-05 12:00:00,True
Panchayat Sachivalaya,MEERUT,-,-,29.022418,77.771516,7,784,2026-01-01 03:35:00,2026-07-23 09:35:00,False
Parichhatgarh (UP-058),MEERUT,MEERUT,-,28.978559,77.924058,5,573,2026-01-01 00:00:00,2026-05-30 00:00:00,False
Parsipur (UP-155),SANT RAVIDAS NAGAR,St Ravidas Nagar,-,25.315568,82.450151,5,570,2026-01-01 00:00:00,2026-05-30 06:00:00,False
Patanpur_1,HAMIRPUR,-,-,25.755958,80.054172,8,691,2026-01-01 00:00:00,2026-09-05 18:00:00,True
Patauda,CHITRAKOOT,-,-,25.23686097,80.75435126,4,379,2026-01-01 00:00:00,2026-04-19 00:00:00,False
Patehra (UP-140),MIRZAPUR,Mirzapur,-,24.882444,82.573314,4,333,2026-01-01 00:00:00,2026-04-05 18:00:00,False
Pathrodi,CHITRAKOOT,-,-,25.21556,80.83345,8,670,2026-01-01 00:00:00,2026-09-05 18:00:00,True
Patti (UP-041),PRATAPGARH,PRATAPGARH,-,25.922172,82.198648,7,708,2026-01-01 00:00:00,2026-07-18 00:00:00,False
Paudhiya (UP-070),HAMIRPUR,HAMIRPUR,-,25.896645,80.081072,5,562,2026-01-01 00:00:00,2026-05-30 06:00:00,False
Pawai Khurd (UP-053),AZAMGARH,Azamgarh,-,25.784011,83.096054,5,438,2026-01-01 00:00:00,2026-05-29 18:00:00,False
Perthivipur Nayakh,JHANSI,-,-,25.204661,78.49704,8,495,2026-01-01 00:00:00,2026-09-05 18:00:00,True
Pilkhna Rasool (UP-159),SAHARANPUR,Saharanpur,-,29.92055556,77.34694444,5,565,2026-01-01 00:00:00,2026-05-30 12:00:00,False
Piparaond,CHITRAKOOT,-,-,25.279,81.303,8,658,2026-01-01 00:00:00,2026-09-05 18:00:00,True
Piparhari,BANDA,-,-,25.69246,80.42251,0,0,,2024-12-14 12:00:00,False
Pipra Maafi,MAHOBA,-,-,25.146548,79.666116,6,409,2026-01-09 18:00:00,2026-07-06 12:00:00,False
Pipraundha,HAMIRPUR,-,-,25.72944441,80.06851122,8,673,2026-01-01 18:00:00,2026-09-02 18:00:00,True
"Playground, Chhanikhurd",HAMIRPUR,-,-,25.822593,79.967015,0,0,,2023-09-17 12:00:00,False
"Police Chawki, Natthi Khera",LALITPUR,LALITPUR,-,25.094571,78.574344,7,785,2026-01-01 00:00:00,2026-07-23 12:00:00,False
Police Station Ghathlachura,JHANSI,-,-,25.332507,79.274459,7,757,2026-01-01 18:00:00,2026-07-23 12:00:00,False
Poorv Madhamik Vidhyalaya Kaseti,ETAH,-,-,27.583061,78.649359,9,895,2026-01-01 00:00:00,2026-09-05 18:00:00,True
"Post Office, Benda",BANDA,Banda,-,25.69896,80.626082,7,789,2026-01-01 00:03:00,2026-07-23 12:03:00,False
Pratapgarh City (UP-047),PRATAPGARH,PRATAPGARH,-,25.915395,82.00041,5,571,2026-01-01 06:00:00,2026-05-30 06:00:00,False
"Prathama U.P. Gramin Bank, Mirchwara",LALITPUR,-,-,24.61966,78.494396,0,0,,2025-07-23 12:00:00,False
"Prathmik School, Mau Girwan",BANDA,-,-,25.239082,80.42032,7,762,2026-01-01 12:00:00,2026-07-23 12:00:00,False
"Prathmik School, Raxi",BANDA,-,-,25.113532,80.568636,7,793,2026-01-01 00:00:00,2026-07-23 12:00:00,False
"Prathmik Uchha Vidhyalaya, Sarnawali",MUZAFFARNAGAR,-,-,29.335908,77.35518,7,788,2026-01-01 12:00:00,2026-07-23 12:00:00,False
"Prathmik Vidhayalaya, Chur Bara",MAHOBA,-,-,25.263348,79.935012,7,781,2026-01-01 00:00:00,2026-07-22 18:00:00,False
"Prathmik Vidhayalaya, Makrown",HAMIRPUR,-,-,25.716305,80.101379,7,783,2026-01-01 00:00:00,2026-07-23 06:00:00,False
"Prathmik Vidhayalaya, Rali Chauhan",MEERUT,-,-,28.975052,77.771119,7,792,2026-01-01 00:00:00,2026-07-23 18:00:00,False
"Prathmik Vidhayalaya, Tarsuma",BANDA,-,-,25.215747,80.642153,7,793,2026-01-01 00:00:00,2026-07-23 12:00:00,False
"Prathmik Vidhyala, Riawali Nagla",MUZAFFARNAGAR,-,-,29.246667,77.527235,9,792,2026-01-01 04:33:00,2026-09-04 16:33:00,True
Prathmik Vidhyalaya Akbarpur,JALAUN,-,-,26.016782,79.690003,4,324,2026-01-01 00:00:00,2026-08-15 18:00:00,False
Prathmik Vidhyalaya Bant,LALITPUR,-,-,24.495771,78.370748,9,908,2026-01-01 00:00:00,2026-09-05 18:00:00,True
Prathmik Vidhyalaya Barah Mafi,CHITRAKOOT,-,-,25.015423,81.040419,7,774,2026-01-01 00:00:00,2026-07-23 12:00:00,False
Prathmik Vidhyalaya Barha,JALAUN,-,-,26.104594,79.108455,9,899,2026-01-02 00:00:00,2026-09-05 18:00:00,True
"Prathmik Vidhyalaya Inter College, Mataundh(Gramin)",BANDA,-,-,25.444007,80.159851,7,782,2026-01-01 00:00:00,2026-07-23 12:00:00,False
Prathmik Vidhyalaya Itua Kanar,JALAUN,-,-,26.282317,79.324203,1,12,2026-08-12 00:00:00,2026-08-15 18:00:00,False
Prathmik Vidhyalaya Kubri,CHITRAKOOT,-,-,25.003496,81.165878,7,776,2026-01-01 00:00:00,2026-07-23 12:00:00,False
Prathmik Vidhyalaya Mahugarh,MIRZAPUR,-,-,24.838229,82.263095,9,798,2026-01-01 18:00:00,2026-09-05 12:00:00,True
Prathmik Vidhyalaya Manohari,JALAUN,-,-,25.990895,79.252945,9,892,2026-01-01 00:00:00,2026-09-05 18:00:00,True
Prathmik Vidhyalaya Nagar,CHITRAKOOT,-,-,24.988591,81.056318,7,781,2026-01-01 00:49:00,2026-07-23 12:49:00,False
"Prathmik Vidhyalaya No.1, Valli",MUZAFFARNAGAR,-,-,29.270573,77.517399,7,784,2026-01-02 00:00:00,2026-07-22 18:00:00,False
Prathmik Vidhyalaya Pahalgaon,JHANSI,-,-,25.543517,78.636492,9,896,2026-01-03 00:00:00,2026-09-05 18:00:00,True
Prathmik Vidhyalaya Panchi Khaspur,BAGHPAT,-,-,28.88862,77.36133,7,781,2026-01-01 00:00:00,2026-07-23 12:00:00,False
"Prathmik Vidhyalaya Pani ki Tanki, Khindora",BAGHPAT,-,-,29.006147,77.366099,7,767,2026-01-01 00:00:00,2026-07-23 12:00:00,False
Prathmik Vidhyalaya Pipra Sarvan,DEORIA,-,-,26.219622,83.901575,9,908,2026-01-01 00:00:00,2026-09-05 18:00:00,True
Prathmik Vidhyalaya Sakrouha,CHITRAKOOT,-,-,25.024662,81.186867,7,775,2026-01-01 00:00:00,2026-07-23 06:00:00,False
Prathmik Vidhyalaya Sirasiya Pawar,DEORIA,-,-,26.365128,84.155879,9,908,2026-01-01 00:00:00,2026-09-05 18:00:00,True
Prathmik Vidhyalaya Sujanpur,JHANSI,-,-,25.515435,79.378748,0,0,,2025-01-13 18:00:00,False
Prathmik Vidhyalaya Surajpura,JALAUN,-,-,26.156633,79.400428,0,0,,2025-08-23 18:00:00,False
Prathmik Vidhyalaya Takuli (Durahi Maafi),BANDA,-,-,25.367995,80.523181,9,904,2026-01-01 00:00:00,2026-09-05 18:00:00,True
"Prathmik Vidhyalaya, Aad",MEERUT,-,-,28.865884,77.7894,7,783,2026-01-01 00:00:00,2026-07-23 12:00:00,False
"Prathmik Vidhyalaya, Abdullahpur Mewla",BAGHPAT,-,-,28.922942,77.354441,7,790,2026-01-01 00:00:00,2026-07-23 12:00:00,False
"Prathmik Vidhyalaya, Achi Khurd",MEERUT,-,-,29.002619,77.98364,7,788,2026-01-01 01:42:00,2026-07-23 07:42:00,False
"Prathmik Vidhyalaya, Ahera",BAGHPAT,-,-,28.931969,77.266316,7,788,2026-01-01 02:10:00,2026-07-23 08:10:00,False
"Prathmik Vidhyalaya, AhmadShahPur Padra",BAGHPAT,-,-,28.983832,77.301215,9,891,2026-01-01 00:00:00,2026-09-05 00:00:00,True
"Prathmik Vidhyalaya, Ainjhi",HAMIRPUR,-,-,25.637878,79.797516,7,778,2026-01-01 00:00:00,2026-07-22 00:00:00,False
"Prathmik Vidhyalaya, Alampur Buzurg",MEERUT,-,-,28.913745,77.776263,7,779,2026-01-01 12:00:00,2026-07-23 12:00:00,False
"Prathmik Vidhyalaya, Alipur Aterana",MUZAFFARNAGAR,-,-,29.287362,77.537408,1,55,2026-01-01 00:00:00,2026-01-15 12:00:00,False
"Prathmik Vidhyalaya, Amehra Adipur (CT)",MEERUT,-,-,29.017791,77.753474,7,792,2026-01-01 02:05:00,2026-07-23 08:05:00,False
"Prathmik Vidhyalaya, Anghaura",MAHOBA,-,-,25.497705,79.668358,7,781,2026-01-01 01:11:00,2026-07-23 13:11:00,False
"Prathmik Vidhyalaya, Ataula",MEERUT,-,-,28.813247,77.830412,7,767,2026-01-01 00:00:00,2026-07-22 12:00:00,False
"Prathmik Vidhyalaya, Badhala Kaithwara",MEERUT,-,-,28.909124,77.797888,7,1575,2026-01-01 00:00:00,2026-07-23 16:26:00,False
"Prathmik Vidhyalaya, Badousa",BANDA,-,-,25.243569,80.653652,7,786,2026-01-01 00:00:00,2026-07-23 12:00:00,False
"Prathmik Vidhyalaya, Baghu",BAGHPAT,-,-,28.971711,77.253011,0,0,,2024-09-26 12:00:00,False
"Prathmik Vidhyalaya, Bahadurkalan",MAHOBA,PANWARI,PANWARI,25.38722222,79.44805556,7,780,2026-01-02 12:00:00,2026-07-23 12:00:00,False
"Prathmik Vidhyalaya, Bahchaula",MEERUT,-,-,29.036116,77.771097,7,787,2026-01-01 00:00:00,2026-07-23 12:00:00,False
"Prathmik Vidhyalaya, Bahramgarh",MUZAFFARNAGAR,-,-,29.355924,77.484572,7,786,2026-01-01 05:17:00,2026-07-23 11:17:00,False
"Prathmik Vidhyalaya, Bali",BAGHPAT,-,-,28.969875,77.284814,9,811,2026-01-01 05:15:00,2026-09-04 17:15:00,True
"Prathmik Vidhyalaya, Barat Pahari",MAHOBA,-,-,25.370567,79.891752,7,786,2026-01-01 04:21:00,2026-07-23 10:21:00,False
"Prathmik Vidhyalaya, Barenda Buzurg",MAHOBA,-,-,25.575736,79.731108,0,0,,2025-09-05 18:00:00,False
"Prathmik Vidhyalaya, Barsia",BAGHPAT,-,-,29.006155,77.404733,7,760,2026-01-02 00:00:00,2026-07-22 18:00:00,False
"Prathmik Vidhyalaya, Barua Kalinjar",BANDA,-,-,25.110136,80.495351,7,776,2026-01-01 03:52:00,2026-07-23 09:52:00,False
"Prathmik Vidhyalaya, Basahari",BANDA,-,-,25.359225,80.115365,7,773,2026-01-01 00:00:00,2026-07-23 12:00:00,False
"Prathmik Vidhyalaya, Basaud",BAGHPAT,-,-,28.981974,77.323013,7,781,2026-01-01 11:17:00,2026-07-23 11:17:00,False
"Prathmik Vidhyalaya, Bhatewara Khurd",MAHOBA,-,-,25.352748,79.652413,7,773,2026-01-01 00:00:00,2026-07-23 00:00:00,False
"Prathmik Vidhyalaya, Bhudhera",BAGHPAT,-,-,29.026126,77.309778,2,197,2026-01-01 00:00:00,2026-02-28 00:00:00,False
"Prathmik Vidhyalaya, Bichhawahi",BANDA,-,-,25.660909,80.468997,7,792,2026-01-01 00:00:00,2026-07-23 06:00:00,False
"Prathmik Vidhyalaya, Bichpari Kamali",BAGHPAT,-,-,29.018045,77.297872,9,854,2026-01-01 03:54:00,2026-09-04 09:54:00,True
"Prathmik Vidhyalaya, Biharipur",BAGHPAT,-,-,29.041019,77.21419,9,807,2026-01-01 00:12:00,2026-09-04 12:00:00,True
"Prathmik Vidhyalaya, Bihta",MEERUT,-,-,29.062848,77.795382,7,750,2026-01-01 00:00:00,2026-07-17 06:00:00,False
"Prathmik Vidhyalaya, Bihuni",HAMIRPUR,-,-,25.642026,79.740762,0,0,,2025-08-24 06:00:00,False
"Prathmik Vidhyalaya, Bitaoda",MUZAFFARNAGAR,-,-,29.253343,77.457961,5,563,2026-01-01 00:00:00,2026-05-27 12:00:00,False
"Prathmik Vidhyalaya, Chamraha",BANDA,-,-,25.397184,80.185744,7,781,2026-01-01 00:00:00,2026-07-23 12:00:00,False
"Prathmik Vidhyalaya, Chandheri",MUZAFFARNAGAR,-,-,29.260533,77.494782,7,792,2026-01-01 04:49:00,2026-07-23 10:49:00,False
"Prathmik Vidhyalaya, Chapra Meheshpur",BAGHPAT,-,-,28.99911,77.312856,0,0,,2025-08-02 12:00:00,False
"Prathmik Vidhyalaya, Chhani",HAMIRPUR,-,-,25.600676,79.724076,4,434,2026-01-01 00:00:00,2026-04-28 06:00:00,False
"Prathmik Vidhyalaya, Chhikahra",MAHOBA,-,-,25.360148,79.863187,7,777,2026-01-01 00:00:00,2026-07-23 12:00:00,False
"Prathmik Vidhyalaya, Chouhalda",BAGHPAT,-,-,28.938384,77.285484,7,790,2026-01-02 12:00:00,2026-07-23 12:00:00,False
"Prathmik Vidhyalaya, Daharra",BANDA,-,-,25.341426,79.970158,7,781,2026-01-01 01:16:00,2026-07-23 07:16:00,False
"Prathmik Vidhyalaya, Datavali Gesupur",MEERUT,-,-,28.95214,77.780339,7,789,2026-01-01 00:00:00,2026-07-23 12:00:00,False
"Prathmik Vidhyalaya, Daulatpur",BAGHPAT,-,-,28.935439,77.387739,7,785,2026-01-01 00:00:00,2026-07-23 12:00:00,False
"Prathmik Vidhyalaya, Dhir Khera",MEERUT,-,-,28.770013,77.774507,7,789,2026-01-01 00:00:00,2026-07-23 12:00:00,False
"Prathmik Vidhyalaya, Didhora  Sadullapur",BAGHPAT,-,-,29.032115,77.296782,9,804,2026-01-01 00:00:00,2026-09-04 12:00:00,True
"Prathmik Vidhyalaya, Dojha Nagla",BAGHPAT,-,-,29.043251,77.314008,7,776,2026-01-01 06:00:00,2026-07-23 00:00:00,False
"Prathmik Vidhyalaya, Doula",BAGHPAT,-,-,28.95697,77.336225,9,881,2026-01-01 02:17:00,2026-09-01 14:17:00,True
"Prathmik Vidhyalaya, Dubariya",BANDA,-,-,25.221132,80.651162,6,661,2026-01-01 00:00:00,2026-06-29 00:00:00,False
"Prathmik Vidhyalaya, Dungar",MUZAFFARNAGAR,-,-,29.319877,77.366867,7,756,2026-01-01 18:00:00,2026-07-17 18:00:00,False
"Prathmik Vidhyalaya, Etawan",BANDA,-,-,25.423941,80.253261,7,780,2026-01-01 00:00:00,2026-07-23 12:00:00,False
"Prathmik Vidhyalaya, Fakharpur Kabatta",MEERUT,-,-,28.79445,77.776513,7,788,2026-01-01 02:20:00,2026-07-23 08:20:00,False
"Prathmik Vidhyalaya, Fatehpur",BAGHPAT,-,-,28.998067,77.358283,7,781,2026-01-01 00:00:00,2026-07-23 12:00:00,False
"Prathmik Vidhyalaya, Fatehpur poothi",BAGHPAT,-,-,29.061511,77.337792,7,772,2026-01-01 00:00:00,2026-07-23 00:00:00,False
"Prathmik Vidhyalaya, Garhi Nawabad",MUZAFFARNAGAR,-,-,29.36381,77.4663,7,787,2026-01-01 00:00:00,2026-07-23 12:00:00,False
"Prathmik Vidhyalaya, Garhmal Pur",MUZAFFARNAGAR,-,-,29.333923,77.430168,7,791,2026-01-01 14:13:00,2026-07-23 14:13:00,False
"Prathmik Vidhyalaya, Gauripur jawaharnagar",BAGHPAT,-,-,28.989767,77.222892,7,793,2026-01-01 00:00:00,2026-07-23 12:00:00,False
"Prathmik Vidhyalaya, Gauspur",BAGHPAT,-,-,28.980214,77.34775,7,787,2026-01-01 01:16:00,2026-07-23 13:16:00,False
"Prathmik Vidhyalaya, Goyara Mugali",BANDA,-,-,25.4808,80.236971,7,785,2026-01-01 00:00:00,2026-07-23 12:00:00,False
"Prathmik Vidhyalaya, Gwalikhera",BAGHPAT,-,-,29.015218,77.340526,9,800,2026-01-01 02:01:00,2026-09-04 14:01:00,True
"Prathmik Vidhyalaya, Habibpur Nagla",BAGHPAT,-,-,28.947745,77.442738,5,474,2026-01-01 00:00:00,2026-05-03 06:00:00,False
"Prathmik Vidhyalaya, Hadaha Mafi",BANDA,-,-,25.275542,80.652393,7,782,2026-01-01 00:00:00,2026-07-23 06:00:00,False
"Prathmik Vidhyalaya, Hariya Khera",MUZAFFARNAGAR,-,-,29.274112,77.336727,7,1574,2026-01-01 00:00:00,2026-07-23 12:00:00,False
"Prathmik Vidhyalaya, Husainpur Kala",MUZAFFARNAGAR,-,-,29.329363,77.462908,7,782,2026-01-01 00:56:00,2026-07-23 12:56:00,False
"Prathmik Vidhyalaya, Islamabad Chhilora",MEERUT,-,-,28.994009,77.784579,7,780,2026-01-01 00:00:00,2026-07-23 12:00:00,False
"Prathmik Vidhyalaya, Jaitpur",MUZAFFARNAGAR,-,-,29.367931,77.452758,7,790,2026-01-01 03:58:00,2026-07-23 15:58:00,False
"Prathmik Vidhyalaya, Jasori",MEERUT,-,-,28.845294,77.83939,7,791,2026-01-01 11:26:00,2026-07-23 11:26:00,False
"Prathmik Vidhyalaya, Jaspura",BANDA,-,-,25.812825,80.372303,7,783,2026-01-01 00:00:00,2026-07-23 12:00:00,False
"Prathmik Vidhyalaya, Jirawathi",MEERUT,-,-,28.5575,77.7708,7,800,2026-01-01 00:00:00,2026-07-23 12:00:00,False
"Prathmik Vidhyalaya, Jitholi",MEERUT,-,-,28.917731,77.782844,7,760,2026-01-01 18:00:00,2026-07-23 12:00:00,False
"Prathmik Vidhyalaya, Kaili",MEERUT,-,-,28.789282,77.759373,7,787,2026-01-01 00:00:00,2026-07-23 12:00:00,False
"Prathmik Vidhyalaya, Kali Pahari",MAHOBA,-,-,25.34519,79.927847,7,796,2026-01-01 00:00:00,2026-07-23 12:00:00,False
"Prathmik Vidhyalaya, Kankua",MAHOBA,-,-,25.32169,79.405975,7,782,2026-01-01 00:00:00,2026-07-23 06:00:00,False
"Prathmik Vidhyalaya, Karam Alipur",BAGHPAT,-,-,29.010108,77.321337,7,768,2026-01-01 00:00:00,2026-07-22 18:00:00,False
"Prathmik Vidhyalaya, Karaunda Mahajan 137 Kaarar",MUZAFFARNAGAR,-,-,29.359255,77.392725,7,776,2026-01-01 00:00:00,2026-07-23 00:00:00,False
"Prathmik Vidhyalaya, Kashipur",MAHOBA,-,-,25.358544,79.301971,0,0,,2025-09-06 00:00:00,False
"Prathmik Vidhyalaya, Kastala Shamshernagar",MEERUT,-,-,29.012068,77.834863,0,0,,2025-08-02 12:00:00,False
"Prathmik Vidhyalaya, Katiliaha",FATEHPUR,-,-,25.947553,80.538464,9,904,2026-01-01 00:00:00,2026-09-05 18:00:00,True
"Prathmik Vidhyalaya, Kaul",MEERUT,-,-,28.853523,77.793108,7,791,2026-01-01 03:16:00,2026-07-23 09:16:00,False
"Prathmik Vidhyalaya, Khairajpur",GHAZIABAD,-,-,28.817925,77.434281,1,12,2026-08-12 00:00:00,2026-08-15 18:00:00,False
"Prathmik Vidhyalaya, Khairaukalan",MAHOBA,-,-,25.340889,79.376092,7,782,2026-01-01 00:00:00,2026-07-23 12:00:00,False
"Prathmik Vidhyalaya, Khampur",BAGHPAT,-,-,29.060907,77.189343,9,801,2026-01-01 00:00:00,2026-09-04 12:00:00,True
"Prathmik Vidhyalaya, Khandaila",SHRAWASTI,-,-,27.550013,81.860046,1,12,2026-08-12 00:00:00,2026-08-15 18:00:00,False
"Prathmik Vidhyalaya, Kharka",BAGHPAT,-,-,28.900317,77.394764,7,771,2026-01-01 00:00:00,2026-07-23 12:00:00,False
"Prathmik Vidhyalaya, Kharkhari",MEERUT,-,-,28.84405,77.78141,4,406,2026-01-01 00:00:00,2026-04-23 06:00:00,False
"Prathmik Vidhyalaya, Kharkhauda",MEERUT,-,-,28.836977,77.70567,0,0,,2025-08-02 06:00:00,False
"Prathmik Vidhyalaya, Khaspur",MEERUT,-,-,28.82178,77.769306,7,798,2026-01-01 11:45:00,2026-07-23 11:45:00,False
"Prathmik Vidhyalaya, Khera Islampur",BAGHPAT,-,-,29.04786,77.24112,9,799,2026-01-01 11:20:00,2026-09-04 11:20:00,True
"Prathmik Vidhyalaya, Kurawa",MUZAFFARNAGAR,-,-,29.34512,77.432771,7,786,2026-01-01 00:00:00,2026-07-23 12:00:00,False
"Prathmik Vidhyalaya, Lama",BANDA,-,-,25.579916,80.385285,7,789,2026-01-01 00:00:00,2026-07-23 12:00:00,False
"Prathmik Vidhyalaya, Lilwah",MAHOBA,-,-,25.373547,79.320957,7,782,2026-01-01 00:00:00,2026-07-22 18:00:00,False
"Prathmik Vidhyalaya, Luhara",BAGHPAT,-,-,28.994649,77.395968,7,781,2026-01-01 12:00:00,2026-07-23 12:00:00,False
"Prathmik Vidhyalaya, Makarndpur",FATEHPUR,-,-,25.971392,80.327558,9,900,2026-01-01 00:00:00,2026-09-05 18:00:00,True
"Prathmik Vidhyalaya, Makrandpur ogti",BAGHPAT,-,-,28.910608,77.387757,7,784,2026-01-01 00:00:00,2026-07-23 06:00:00,False
"Prathmik Vidhyalaya, Mandwara",MUZAFFARNAGAR,-,-,29.303054,77.443132,7,784,2026-01-01 00:00:00,2026-07-22 18:00:00,False
"Prathmik Vidhyalaya, Marwari",MAHOBA,-,-,25.341014,79.377195,7,768,2026-01-01 00:00:00,2026-07-22 18:00:00,False
"Prathmik Vidhyalaya, Mavi Khurd",BAGHPAT,-,-,29.013208,77.445174,7,788,2026-01-01 03:08:00,2026-07-23 09:08:00,False
"Prathmik Vidhyalaya, Medpur",MEERUT,-,-,28.969047,77.80315,9,878,2026-01-01 03:50:00,2026-09-04 09:50:00,True
"Prathmik Vidhyalaya, Morna",MEERUT,-,-,29.000523,77.834183,0,0,,2025-07-29 06:00:00,False
"Prathmik Vidhyalaya, Murlipur Phool",MEERUT,-,-,28.927677,77.786733,7,781,2026-01-02 12:00:00,2026-07-23 12:00:00,False
"Prathmik Vidhyalaya, Nagla Mal",MEERUT,-,-,28.891195,77.830372,7,792,2026-01-01 01:23:00,2026-07-23 13:23:00,False
"Prathmik Vidhyalaya, Nakra",MAHOBA,-,-,25.491293,79.502199,7,796,2026-01-01 06:00:00,2026-07-23 00:00:00,False
"Prathmik Vidhyalaya, Nalpur",MEERUT,-,-,28.818258,77.750484,7,789,2026-01-01 11:14:00,2026-07-23 11:14:00,False
"Prathmik Vidhyalaya, Nehlawa",SIDDHARTHNAGAR,-,-,27.220485,82.895274,9,884,2026-01-01 00:00:00,2026-09-05 18:00:00,True
"Prathmik Vidhyalaya, Nethla",BAGHPAT,-,-,29.002433,77.202731,7,784,2026-01-01 03:54:00,2026-07-23 09:54:00,False
"Prathmik Vidhyalaya, Niwada",BAGHPAT,-,-,28.981508,77.203824,0,0,,2025-08-10 12:00:00,False
"Prathmik Vidhyalaya, Niwaich",BANDA,-,-,25.681224,80.413844,7,781,2026-01-01 00:17:00,2026-07-23 12:17:00,False
"Prathmik Vidhyalaya, Niwali",BAGHPAT,-,-,28.979074,77.289869,0,0,,2025-08-02 12:00:00,False
"Prathmik Vidhyalaya, Pabla",MEERUT,-,-,29.052333,77.803169,7,778,2026-01-01 00:00:00,2026-07-23 06:00:00,False
"Prathmik Vidhyalaya, Pachgaon Patti Amar Singh",MEERUT,-,-,28.932357,77.822729,7,800,2026-01-01 12:00:00,2026-07-23 12:00:00,False
"Prathmik Vidhyalaya, Pachgaon Patti Sanwal",MEERUT,-,-,28.93831,77.824128,7,790,2026-01-01 00:00:00,2026-07-23 12:00:00,False
"Prathmik Vidhyalaya, Pachpera",MEERUT,-,-,28.981202,77.816746,0,0,,2025-08-02 00:00:00,False
"Prathmik Vidhyalaya, Pali",BAGHPAT,-,-,28.914363,77.239756,7,783,2026-01-01 00:00:00,2026-07-23 12:00:00,False
"Prathmik Vidhyalaya, Panchi",MEERUT,-,-,28.796286,77.747494,7,785,2026-01-01 00:00:00,2026-07-22 18:00:00,False
"Prathmik Vidhyalaya, Parasoli",MUZAFFARNAGAR,-,-,29.281625,77.380236,7,787,2026-01-01 00:00:00,2026-07-23 12:00:00,False
"Prathmik Vidhyalaya, Pateora",HAMIRPUR,-,-,25.914483,80.239415,7,777,2026-01-01 00:44:00,2026-07-23 12:44:00,False
"Prathmik Vidhyalaya, Pathakpura",MAHOBA,-,-,25.434349,79.466203,5,524,2026-01-01 12:00:00,2026-05-19 06:00:00,False
"Prathmik Vidhyalaya, Pawala Begumbad",BAGHPAT,-,-,28.916369,77.302352,4,344,2026-01-01 00:00:00,2026-04-04 18:00:00,False
"Prathmik Vidhyalaya, Phaprana",GHAZIABAD,-,-,28.833155,77.553142,9,904,2026-01-01 00:00:00,2026-09-05 18:00:00,True
"Prathmik Vidhyalaya, Poother",BAGHPAT,-,-,28.971202,77.389036,7,784,2026-01-01 00:00:00,2026-07-23 12:00:00,False
"Prathmik Vidhyalaya, Poothi Bhrahman",BAGHPAT,-,-,28.982428,77.273125,7,776,2026-01-01 00:00:00,2026-07-23 12:00:00,False
"Prathmik Vidhyalaya, Pouhar",BANDA,-,-,25.297893,80.7278,7,789,2026-01-01 00:00:00,2026-07-23 12:00:00,False
"Prathmik Vidhyalaya, Rajpur Chajpur",MUZAFFARNAGAR,-,-,29.292285,77.353547,7,796,2026-01-01 12:00:00,2026-07-23 06:00:00,False
"Prathmik Vidhyalaya, Ramnagar",BAGHPAT,-,-,29.021858,77.382751,9,804,2026-01-01 00:00:00,2026-09-04 12:00:00,True
"Prathmik Vidhyalaya, Rampur Aterna",MUZAFFARNAGAR,-,-,29.320386,77.421822,7,775,2026-01-01 01:55:00,2026-07-23 13:55:00,False
"Prathmik Vidhyalaya, Rasulpur Aurangabad",MEERUT,-,-,28.997607,77.812705,7,777,2026-01-01 01:21:00,2026-07-23 01:21:00,False
"Prathmik Vidhyalaya, Reshamgarh urf Muradgaon",BAGHPAT,-,-,28.941999,77.387449,1,7,2026-01-01 00:00:00,2026-01-02 12:00:00,False
"Prathmik Vidhyalaya, Saidkhas",BAGHPAT,-,-,28.978135,77.422384,7,787,2026-01-01 00:00:00,2026-07-23 12:00:00,False
"Prathmik Vidhyalaya, Salwlpur Kheri",BAGHPAT,-,-,28.90858,77.31208,7,794,2026-01-01 03:52:00,2026-07-23 09:52:00,False
"Prathmik Vidhyalaya, Sangawali Aher",BAGHPAT,-,-,28.968159,77.404176,7,773,2026-01-01 00:00:00,2026-07-23 00:00:00,False
"Prathmik Vidhyalaya, Sarai",MUZAFFARNAGAR,-,-,29.286229,77.416532,7,775,2026-01-01 13:17:00,2026-07-23 13:17:00,False
"Prathmik Vidhyalaya, Shahjahanpur Niwada",BAGHPAT,-,-,28.980624,77.433749,7,797,2026-01-01 05:38:00,2026-07-23 11:38:00,False
"Prathmik Vidhyalaya, Shahjahanpur_1",GHAZIABAD,-,-,28.839868,77.620735,9,888,2026-01-02 00:00:00,2026-09-05 18:00:00,True
"Prathmik Vidhyalaya, Sial",MEERUT,-,-,28.967639,77.82895,4,377,2026-01-01 00:00:00,2026-04-07 00:00:00,False
"Prathmik Vidhyalaya, Sikhera",MEERUT,-,-,28.378498,77.767616,7,786,2026-01-01 00:00:00,2026-07-23 12:00:00,False
"Prathmik Vidhyalaya, Sikhera_1",BAGHPAT,-,-,28.918155,77.368565,9,886,2026-01-01 00:00:00,2026-09-05 00:00:00,True
"Prathmik Vidhyalaya, Sisoli",MEERUT,-,-,28.914955,77.813828,7,792,2026-01-01 05:19:00,2026-07-23 11:19:00,False
"Prathmik Vidhyalaya, Surajpur Mahanawa",BAGHPAT,-,-,28.940625,77.275228,0,0,,2025-09-05 18:00:00,False
"Prathmik Vidhyalaya, Sururpur Kalan",BAGHPAT,-,-,29.027765,77.233232,7,782,2026-01-01 00:00:00,2026-07-23 12:00:00,False
"Prathmik Vidhyalaya, Taiya",MAHOBA,-,-,27.95938,78.083019,7,792,2026-01-01 00:00:00,2026-07-23 12:00:00,False
"Prathmik Vidhyalaya, Taizullahpur",BAGHPAT,-,-,29.02142,77.204972,8,782,2026-01-01 00:00:00,2026-09-04 12:00:00,True
"Prathmik Vidhyalaya, Thavai",FATEHPUR,-,-,25.858831,80.592363,9,758,2026-01-01 00:00:00,2026-09-05 18:00:00,True
"Prathmik Vidhyalaya, Tiyodhi",BAGHPAT,-,-,29.051201,77.240014,7,791,2026-01-01 00:00:00,2026-07-23 12:00:00,False
"Prathmik Vidhyalaya, Uldhan",MEERUT,-,-,28.800758,77.715372,7,788,2026-01-01 04:34:00,2026-07-23 10:34:00,False
"Prathmik Vidhyalaya, Umrai",MAHOBA,-,-,25.335693,79.367456,7,779,2026-01-01 23:52:00,2026-07-22 23:52:00,False
"Prathmik Vidhyalaya, Vidokhar Medni",HAMIRPUR,-,-,25.789289,80.078332,0,0,,2025-05-17 18:00:00,False
"Prathmik Vidhyalaya, vilodhpura",BAGHPAT,-,-,29.005606,77.335548,9,794,2026-01-01 00:00:00,2026-09-04 12:00:00,True
Prathmik Vidyalaya 6Th Wahini-Meerut-Medium,MEERUT,-,-,29.0357,77.7037,1,51,2026-01-01 00:00:00,2026-01-13 12:00:00,False
Prathmik Vidyalaya 6Th Wahini-Meerut-Shallow,MEERUT,-,-,29.0357,77.7037,5,542,2026-01-01 00:00:00,2026-05-30 00:00:00,False
"Prathmik vidhayalaya, Badholi",MEERUT,-,-,28.834331,77.790084,7,769,2026-01-01 10:27:00,2026-07-23 10:27:00,False
"Prathmik vidhayalaya, Incholi",MEERUT,-,-,29.025908,77.814892,7,778,2026-01-01 00:06:00,2026-07-23 12:06:00,False
"Prathmik vidhyalaya, Husainpur Kalan",BANDA,-,-,25.290537,80.405157,7,798,2026-01-01 04:34:00,2026-07-23 10:34:00,False
"Prathmik vidhyalaya, Mohan Purwa",BANDA,-,-,25.500926,80.248476,7,776,2026-01-01 04:40:00,2026-07-23 10:40:00,False
"Pratmik Vidhyalaya, Kakaruwa",LALITPUR,-,-,24.469372,78.630085,9,916,2026-01-01 00:00:00,2026-09-05 18:00:00,True
Pre Secondry School Fatehgarh,BUDAUN,-,-,27.815033,79.32711,0,0,,2024-10-08 18:00:00,False
Priamry School Mukasim,SONBHADRA,-,-,24.770778,82.926456,9,916,2026-01-01 00:00:00,2026-09-05 18:00:00,True
"Primaray School, Chherat Sudhal",MAHOBA,-,-,27.959399,78.082863,7,788,2026-01-01 00:30:00,2026-07-23 00:30:00,False
"Primaray School, Mataundh(Gramin)",MAHOBA,-,-,25.437951,80.182799,0,0,,2025-09-05 06:00:00,False
"Primary  School, Nawada Kalan",SANT RAVIDAS NAGAR,-,-,25.4286191,82.5155066,9,797,2026-01-01 00:00:00,2026-09-05 12:00:00,True
"Primary / Composite School, Banwaripur",BAGHPAT,-,-,29.055191,77.522527,8,908,2026-01-01 00:00:00,2026-08-27 13:31:00,True
"Primary / Composite School, Chiraudi",MEERUT,-,-,29.150527,77.679529,9,710,2026-01-01 00:00:00,2026-09-05 18:00:00,True
"Primary / Composite School, Jainpur",BAGHPAT,-,-,29.130855,77.514345,9,820,2026-01-01 06:00:00,2026-09-01 00:00:00,True
"Primary / Composite School, Jasad",BAGHPAT,-,-,29.143684,77.520926,9,657,2026-01-01 00:00:00,2026-09-05 18:00:00,True
"Primary / Composite School, Mahalaka",MEERUT,-,-,29.151556,77.777042,9,775,2026-01-01 00:00:00,2026-09-04 00:00:00,True
"Primary / Composite School, Mohaddinpur",BAGHPAT,-,-,28.888823,77.618969,9,863,2026-01-01 00:00:00,2026-09-05 18:00:00,True
"Primary / Composite School, Pepala",BAGHPAT,-,-,28.991386,77.614937,9,867,2026-01-01 00:00:00,2026-09-05 18:00:00,True
"Primary / Composite School, Saradhana Block Office",BAGHPAT,-,-,29.143504,77.608033,9,855,2026-01-01 00:00:00,2026-09-05 18:00:00,True
Primary English Medium School,MEERUT,-,-,28.909185,77.830477,7,778,2026-01-01 00:58:00,2026-07-23 12:58:00,False
"Primary English Medium School, Kamalpur",MEERUT,-,-,28.93951,77.7654,7,788,2026-01-01 06:00:00,2026-07-23 00:00:00,False
Primary Health Centre Nanauta-Nanauta-Medium,SAHARANPUR,-,-,29.71527778,77.42166667,5,553,2026-01-01 00:00:00,2026-05-30 00:00:00,False
Primary Health Centre Nanauta-Nanauta-Shallow,SAHARANPUR,-,-,29.71527778,77.42166667,5,512,2026-01-16 06:00:00,2026-05-30 00:00:00,False
"Primary Railway, Kulpahar(Rural)",MAHOBA,-,-,25.293879,79.633719,7,795,2026-01-01 06:00:00,2026-07-23 06:00:00,False
Primary School  Bihasara,MIRZAPUR,-,-,25.14932,82.344415,9,797,2026-01-01 00:00:00,2026-09-05 12:00:00,True
Primary School  Biraura,MIRZAPUR,-,-,25.215747,82.449342,9,805,2026-01-01 00:00:00,2026-09-05 12:00:00,True
Primary School  Maharaji,GORAKHPUR,-,-,26.769306,83.467169,9,842,2026-01-01 00:00:00,2026-09-05 12:00:00,True
"Primary School 2, Bataini",BAGHPAT,-,-,28.93056,77.304167,4,336,2026-01-03 18:00:00,2026-04-18 00:00:00,False
Primary School Ashadh,VARANASI,-,-,25.257645,82.783523,9,916,2026-01-01 00:00:00,2026-09-05 18:00:00,True
Primary School Atrar Maaf,MAHOBA,-,-,25.150961,79.717705,7,790,2026-01-01 01:53:00,2026-07-23 01:53:00,False
Primary School Babura,MIRZAPUR,-,-,25.2154433,82.4476865,9,809,2026-01-01 00:00:00,2026-09-05 12:00:00,True
Primary School Badgo,GORAKHPUR,-,-,26.713349,83.369436,7,604,2026-01-01 00:00:00,2026-08-15 18:00:00,False
Primary School Baijnathpur,GORAKHPUR,-,-,26.849192,83.36995,9,872,2026-01-01 00:00:00,2026-09-05 18:00:00,True
Primary School Baraura,JHANSI,-,-,25.37182,79.282175,7,792,2026-01-01 00:00:00,2026-07-23 12:00:00,False
Primary School Bargadh,CHITRAKOOT,-,-,25.149349,81.450387,7,781,2026-01-01 05:43:00,2026-07-23 05:43:00,False
Primary School Bargdhi,GORAKHPUR,-,-,26.873247,83.465318,8,728,2026-01-02 00:00:00,2026-08-15 18:00:00,True
Primary School Bedi,VARANASI,-,-,25.423311,82.913258,4,352,2026-01-01 00:00:00,2026-04-03 18:00:00,False
Primary School Bhata Diha,GORAKHPUR,-,-,26.461038,83.192317,9,888,2026-01-01 00:00:00,2026-09-05 18:00:00,True
Primary School Bilona,FATEHPUR,-,-,25.950892,80.585982,9,892,2026-01-01 00:00:00,2026-09-05 18:00:00,True
Primary School Campus Aurangabad,AZAMGARH,-,-,25.918269,82.842979,9,892,2026-01-01 00:00:00,2026-09-05 18:00:00,True
Primary School Campus Powai,AZAMGARH,-,-,26.17301,82.724903,9,896,2026-01-01 00:00:00,2026-09-05 18:00:00,True
Primary School Campus Sikraura,AZAMGARH,-,-,25.749317,82.96128,9,908,2026-01-01 00:00:00,2026-09-05 18:00:00,True
Primary School Chandrapur Bichpuri,BAREILLY,-,-,28.375688,79.469907,9,877,2026-01-01 00:00:00,2026-09-05 18:00:00,True
Primary School Charkonwa,SONBHADRA,-,-,24.70805,83.285343,9,892,2026-01-01 00:00:00,2026-09-05 18:00:00,True
Primary School Chhiolaha,CHITRAKOOT,-,-,25.228315,81.391171,7,796,2026-01-01 00:00:00,2026-07-23 12:00:00,False
Primary School Chobla,MEERUT,-,-,28.990055,77.525258,9,904,2026-01-01 00:00:00,2026-09-05 18:00:00,True
Primary School Cholahe,SHRAWASTI,-,-,27.785702,82.021451,9,863,2026-01-01 00:00:00,2026-09-05 18:00:00,True
Primary School Chungi,LALITPUR,-,-,24.902442,78.640863,7,778,2026-01-01 00:57:00,2026-07-23 12:57:00,False
Primary School Dadri,CHITRAKOOT,-,-,25.264755,81.312094,7,785,2026-01-01 05:22:00,2026-07-23 11:22:00,False
Primary School Dauli Raghuwar Dayal,BAREILLY,-,-,28.35712,79.350078,2,42,2026-05-15 07:00:00,2026-08-15 18:00:00,False
Primary School Dharampur Tappa Vaisya,BUDAUN,-,-,28.122539,78.595408,1,12,2026-08-12 00:00:00,2026-08-15 18:00:00,False
Primary School Didhai,SIDDHARTHNAGAR,-,-,27.07485,82.836878,9,883,2026-01-01 00:00:00,2026-09-05 18:00:00,True
Primary School Dohriya,GORAKHPUR,-,-,26.790972,83.276767,9,916,2026-01-01 00:00:00,2026-09-05 18:00:00,True
Primary School English Medium Qutubpur Labdauna,SAHARANPUR,-,-,29.863856,77.582519,9,900,2026-01-02 00:00:00,2026-09-05 18:00:00,True
Primary School Fakharpur,BAGHPAT,-,-,28.843307,77.297654,1,12,2026-08-12 00:00:00,2026-08-15 18:00:00,False
Primary School Gangapur,BUDAUN,-,-,28.060281,78.805494,5,413,2026-05-14 18:00:00,2026-09-05 18:00:00,False
Primary School Goghara,MIRZAPUR,-,-,25.144305,83.101759,1,12,2026-08-12 00:00:00,2026-08-15 18:00:00,False
Primary School Gudha,LALITPUR,-,-,24.576391,78.83249,9,916,2026-01-01 00:00:00,2026-09-05 18:00:00,True
Primary School Harinahpur,MIRZAPUR,-,-,25.144713,82.617596,9,809,2026-01-01 00:00:00,2026-09-05 12:00:00,True
Primary School Harivanshpur,SIDDHARTHNAGAR,-,-,27.354405,83.262064,9,896,2026-01-01 00:00:00,2026-09-05 18:00:00,True
Primary School Jagannathpur,BAREILLY,-,-,28.391064,79.106635,9,901,2026-01-01 00:00:00,2026-09-05 18:00:00,True
Primary School Jagdishpur Pratham,GORAKHPUR,-,-,26.908421,83.369819,9,916,2026-01-01 00:00:00,2026-09-05 18:00:00,True
Primary School Jainpur,GORAKHPUR,-,-,26.901924,83.431349,9,835,2026-01-01 00:00:00,2026-09-05 12:00:00,True
Primary School Jairampur,JALAUN,-,-,26.073342,79.736915,9,896,2026-01-01 00:00:00,2026-09-05 18:00:00,True
Primary School Jalalabad Urf Jalalpur,MEERUT,-,-,29.069476,77.771492,1,12,2026-08-12 00:00:00,2026-08-15 18:00:00,False
Primary School Jamunia,MIRZAPUR,-,-,25.051105,82.429218,9,900,2026-01-01 00:00:00,2026-09-05 18:00:00,True
Primary School Jatmujheda,MUZAFFARNAGAR,-,-,29.467576,77.812204,9,888,2026-01-01 00:00:00,2026-09-05 18:00:00,True
Primary School Jawli,GHAZIABAD,-,-,28.744616,77.34045,6,524,2026-01-01 00:00:00,2026-08-15 18:00:00,False
Primary School Karwal,GORAKHPUR,-,-,26.4079892,83.4524448,9,838,2026-01-01 00:00:00,2026-09-05 12:00:00,True
Primary School Keshavpur,BUDAUN,-,-,27.884135,79.264961,4,339,2026-05-14 11:00:00,2026-08-17 18:00:00,False
Primary School Keshawpur Pratham,GORAKHPUR,-,-,26.762616,83.247742,9,817,2026-01-01 00:00:00,2026-09-05 12:00:00,True
Primary School Khandak,BUDAUN,-,-,28.069817,78.807736,5,414,2026-05-14 15:00:00,2026-09-05 18:00:00,False
Primary School Khandarka,JHANSI,-,-,25.373267,79.211603,7,754,2026-01-01 00:00:00,2026-07-18 06:00:00,False
Primary School Kucharam,CHITRAKOOT,-,-,25.355584,80.937801,8,876,2026-01-01 00:00:00,2026-08-26 18:00:00,True
Primary School Kurdi,BAGHPAT,-,-,29.242923,77.158297,9,888,2026-01-01 00:00:00,2026-09-05 18:00:00,True
Primary School Lelaur Buzurg,BAREILLY,-,-,28.448967,79.049327,0,0,,2025-08-28 18:00:00,False
Primary School Madari,FATEHPUR,-,-,26.001147,80.32093,9,784,2026-01-01 00:00:00,2026-09-04 18:00:00,True
Primary School Mainhe hardo,SIDDHARTHNAGAR,-,-,27.169413,82.741091,9,916,2026-01-01 00:00:00,2026-09-05 18:00:00,True
Primary School Masuri,GHAZIABAD,-,-,28.689048,77.546232,9,908,2026-01-01 00:00:00,2026-09-05 18:00:00,True
Primary School Mataur,MEERUT,-,-,29.134261,77.713552,6,568,2026-01-01 00:00:00,2026-08-15 18:00:00,False
Primary School Mohammadpur Gurjar,SAHARANPUR,-,-,29.713612,77.301148,9,912,2026-01-01 00:00:00,2026-09-05 18:00:00,True
Primary School Nainkhera,SAHARANPUR,-,-,29.865128,77.517288,1,12,2026-08-12 00:00:00,2026-08-15 18:00:00,False
Primary School Nandapur,FATEHPUR,-,-,26.046211,80.522639,9,880,2026-01-01 00:00:00,2026-09-01 18:00:00,True
Primary School Nibi,CHITRAKOOT,-,-,25.222663,81.325998,7,787,2026-01-01 02:28:00,2026-07-23 14:28:00,False
Primary School No. 1 Barawad,BAGHPAT,-,-,29.075979,77.326252,9,900,2026-01-01 00:00:00,2026-09-05 18:00:00,True
"Primary School No. 1, Gadhi",BAGHPAT,-,-,29.000227,77.278349,7,793,2026-01-01 00:00:00,2026-07-23 12:00:00,False
"Primary School No.1, Bitaoda",MUZAFFARNAGAR,-,-,29.249461,77.462947,9,791,2026-01-02 09:17:00,2026-09-04 09:17:00,True
"Primary School No.1, Dhikoli",BAGHPAT,-,-,28.901672,77.359394,7,783,2026-01-01 00:00:00,2026-07-23 12:00:00,False
"Primary School No.1, Loi",MUZAFFARNAGAR,-,-,29.315711,77.40538,4,336,2026-01-01 06:00:00,2026-04-07 00:00:00,False
"Primary School No.2, Chamrawal",BAGHPAT,-,-,28.87644,77.384273,7,786,2026-01-01 00:00:00,2026-07-23 06:00:00,False
"Primary School No.2, Fatehpur Kheri",MUZAFFARNAGAR,-,-,29.300874,77.393388,7,787,2026-01-01 12:00:00,2026-07-23 12:00:00,False
Primary School Odaraha,VARANASI,-,-,26.375212,82.747088,9,912,2026-01-01 00:00:00,2026-09-05 18:00:00,True
Primary School Pahara,ETAH,-,-,27.54868,79.129681,9,924,2026-01-01 00:00:00,2026-09-05 18:00:00,True
Primary School Parsona,BUDAUN,-,-,28.092283,78.708835,7,565,2026-01-01 00:00:00,2026-09-05 18:00:00,False
Primary School Patna Khas,SHRAWASTI,-,-,27.682682,81.88304,1,12,2026-08-12 00:00:00,2026-08-15 18:00:00,False
Primary School Pinna,MUZAFFARNAGAR,-,-,29.465265,77.637349,9,892,2026-01-01 00:00:00,2026-09-05 18:00:00,True
Primary School Radnool Azizpur,BUDAUN,-,-,28.175687,78.640889,9,849,2026-01-01 00:00:00,2026-09-05 18:00:00,True
Primary School Ragauli,CHITRAKOOT,-,-,25.351394,81.184458,7,768,2026-01-01 00:00:00,2026-07-22 18:00:00,False
Primary School Rajpura,MAHOBA,-,-,25.13665,79.525735,7,786,2026-01-01 12:00:00,2026-07-23 12:00:00,False
Primary School Rathoda,BAGHPAT,-,-,29.206348,77.211355,9,876,2026-01-02 00:00:00,2026-09-05 18:00:00,True
"Primary School Sahjanwa , Pratham Pipra",GORAKHPUR,-,-,26.751279,83.208295,9,839,2026-01-01 00:00:00,2026-09-05 12:00:00,True
Primary School Sahori,ETAH,-,-,27.594107,79.006204,9,900,2026-01-01 00:00:00,2026-09-05 18:00:00,True
Primary School Salawa,MEERUT,-,-,29.227554,77.661928,9,900,2026-01-01 00:00:00,2026-09-05 18:00:00,True
Primary School Sanda-Sanee,BANDA,-,-,25.501033,80.878924,9,892,2026-01-01 00:00:00,2026-09-05 18:00:00,True
Primary School Sandi,BUDAUN,-,-,27.906904,79.318112,5,496,2026-04-08 00:00:00,2026-08-26 18:00:00,False
Primary School Satheri,MUZAFFARNAGAR,-,-,29.262427,77.450967,7,772,2026-01-01 00:00:00,2026-07-22 18:00:00,False
Primary School Sesa Suvakara,CHITRAKOOT,-,-,25.26641,81.388392,7,796,2026-01-01 00:00:00,2026-07-23 00:00:00,False
Primary School Shekhpuri,MEERUT,-,-,28.997029,77.591019,8,768,2026-01-01 00:00:00,2026-08-15 18:00:00,True
Primary School Siduwapar,GORAKHPUR,-,-,26.298656,83.501166,2,153,2026-01-01 00:00:00,2026-02-10 06:00:00,False
Primary School Sijari Khurd,JHANSI,-,-,25.36119,79.256657,6,660,2026-01-01 00:00:00,2026-06-14 18:00:00,False
Primary School Simardha,LALITPUR,-,-,24.496795,78.394992,1,12,2026-08-12 00:00:00,2026-08-15 18:00:00,False
Primary School Simra Harchand Singh,BAREILLY,-,-,28.111625,79.610466,4,294,2026-05-15 16:00:00,2026-08-30 18:00:00,False
Primary School Sonda,GHAZIABAD,-,-,28.838694,77.523594,9,900,2026-01-02 00:00:00,2026-09-05 18:00:00,True
Primary School Uruwa,GORAKHPUR,-,-,26.455209,83.255473,3,188,2026-01-01 00:00:00,2026-08-15 18:00:00,False
Primary School Vamanpura,BUDAUN,-,-,27.849259,79.32002,9,907,2026-01-01 00:00:00,2026-09-05 18:00:00,True
Primary School chandsina,MUZAFFARNAGAR,-,-,29.290644,77.666145,9,793,2026-01-01 00:00:00,2026-09-05 18:00:00,True
Primary School kakrehwa,SIDDHARTHNAGAR,-,-,27.409922,83.214324,9,757,2026-01-01 00:00:00,2026-09-05 18:00:00,True
Primary School kharaka Muaf,JHANSI,-,-,25.267284,79.228424,7,786,2026-01-01 00:00:00,2026-07-23 12:00:00,False
"Primary School,  Todarpur",VARANASI,-,-,25.2604258,82.8635575,9,798,2026-01-01 18:00:00,2026-09-05 12:00:00,True
"Primary School, Amkhera",JALAUN,-,-,26.205511,79.24741,0,0,,2025-07-31 00:00:00,False
"Primary School, Anrabali",MEERUT,-,-,29.022015,77.608379,8,357,2026-01-01 00:00:00,2026-08-21 18:00:00,True
"Primary School, Asara Bighawati",BAGHPAT,-,-,29.245882,77.315409,9,868,2026-01-01 00:00:00,2026-09-05 18:00:00,True
"Primary School, Badagaon bharati form",JHANSI,Jhansi,-,25.52784,78.573978,9,824,2026-01-01 00:00:00,2026-09-02 12:00:00,True
"Primary School, Baghpokhar",SONBHADRA,-,-,24.7949281,82.839969,9,821,2026-01-01 00:00:00,2026-09-05 12:00:00,True
"Primary School, Bamhauri",JHANSI,-,-,25.327954,79.22213,8,688,2026-01-01 18:00:00,2026-09-05 18:00:00,True
"Primary School, Bamhoori Khurd",MAHOBA,Mahoba,-,25.317413,79.679107,8,921,2026-01-01 00:00:00,2026-08-29 00:00:00,True
"Primary School, Bandpur",BAGHPAT,-,-,28.901758,77.266898,9,811,2026-01-01 00:00:00,2026-09-04 00:00:00,True
"Primary School, Barkata",MUZAFFARNAGAR,-,-,29.255784,77.479473,7,793,2026-01-01 04:15:00,2026-07-23 16:15:00,False
"Primary School, Barokhar Khurd",BANDA,-,-,25.338297,80.384605,7,763,2026-01-01 00:00:00,2026-07-21 18:00:00,False
"Primary School, Bartha Lala",DEORIA,-,-,26.2619457,83.8599194,9,823,2026-01-01 00:00:00,2026-09-05 12:00:00,True
"Primary School, Basti",JALAUN,-,-,26.056467,79.183745,9,845,2026-01-01 00:00:00,2026-09-05 18:00:00,True
"Primary School, Belatal",MAHOBA,Mahoba,-,25.276829,79.551523,9,792,2026-01-01 00:00:00,2026-09-01 00:00:00,True
"Primary School, Belaukh",SIDDHARTHNAGAR,-,-,27.0728875,82.9882,9,802,2026-01-01 00:00:00,2026-09-05 18:00:00,True
"Primary School, Bgra khisani bujurg",JHANSI,Jhansi,-,25.277158,78.832417,9,861,2026-01-01 00:00:00,2026-09-04 00:00:00,True
"Primary School, Bhadauda",MEERUT,-,-,29.040462,77.513905,9,850,2026-01-01 00:00:00,2026-09-05 18:00:00,True
"Primary School, Bhagwanpur",BAGHPAT,-,-,29.183441,77.339036,9,829,2026-01-01 00:00:00,2026-09-05 18:00:00,True
"Primary School, Bhalsona",MEERUT,-,-,29.14366,77.520861,9,901,2026-01-01 00:00:00,2026-09-03 00:00:00,True
"Primary School, Bhartpura",LALITPUR,-,-,24.767445,78.303356,9,861,2026-01-02 06:00:00,2026-09-05 18:00:00,True
"Primary School, Bhimapar",SIDDHARTHNAGAR,-,-,27.294444,83.076595,0,0,,2024-04-17 18:00:00,False
"Primary School, Bihar",MAHOBA,-,-,25.305456,79.543815,7,786,2026-01-01 00:00:00,2026-07-23 12:00:00,False
"Primary School, Bilata",LALITPUR,-,-,24.784226,78.706471,9,840,2026-01-01 00:00:00,2026-09-05 18:00:00,True
"Primary School, Biral",MUZAFFARNAGAR,-,-,29.24998,77.358282,7,644,2026-01-01 06:00:00,2026-07-22 00:00:00,False
"Primary School, Block Office",BAGHPAT,-,-,28.869728,77.288321,9,837,2026-01-01 00:00:00,2026-09-05 18:00:00,True
"Primary School, Bodha",BAGHPAT,-,-,29.284083,77.166521,8,900,2026-01-01 00:00:00,2026-08-29 00:00:00,True
"Primary School, Bohra",JALAUN,-,-,26.260482,79.253268,8,919,2026-01-01 00:00:00,2026-08-29 00:00:00,True
"Primary School, Brahmpur",GORAKHPUR,-,-,26.5810775,83.5814486,9,815,2026-01-01 00:00:00,2026-09-05 12:00:00,True
"Primary School, Chariya Bujrag",DEORIA,Deoria,-,26.638454,83.7077951,9,843,2026-01-02 18:00:00,2026-09-05 12:00:00,True
"Primary School, Chiplatha",JHANSI,Jhansi,-,25.354984,78.764937,9,838,2026-01-01 06:00:00,2026-09-05 18:00:00,True
"Primary School, Chirgoan block office",JHANSI,Jhansi,-,25.570001,78.805263,9,752,2026-01-25 12:45:00,2026-09-03 00:00:00,False
"Primary School, Dagarpur Tigadi",BAGHPAT,-,-,28.811386,77.322459,8,919,2026-01-01 00:00:00,2026-08-29 00:00:00,True
"Primary School, Dariba",MAHOBA,-,-,25.305017,79.903353,7,792,2026-01-01 02:46:00,2026-07-23 14:46:00,False
"Primary School, Dera Devra bujurg",JHANSI,Jhansi,-,25.744136,79.156663,8,881,2026-01-01 00:00:00,2026-08-26 06:00:00,True
"Primary School, Dewari",JALAUN,-,-,26.105777,79.289254,8,919,2026-01-01 00:00:00,2026-08-29 00:00:00,True
"Primary School, Dewarniya",BAREILLY,-,-,28.222775,79.469179,5,338,2026-05-15 13:00:00,2026-09-05 18:00:00,False
"Primary School, Dhanaura",JHANSI,Jhansi,-,25.726924,79.289829,8,856,2026-01-01 00:00:00,2026-08-29 00:00:00,True
"Primary School, Dhanaura Tikari",BAGHPAT,-,-,29.217309,77.451665,9,931,2026-01-01 00:00:00,2026-09-05 18:00:00,True
"Primary School, Dhankharpur",SIDDHARTHNAGAR,-,-,27.159064,82.579381,9,810,2026-01-01 00:00:00,2026-09-05 18:00:00,True
"Primary School, Dhikana",BAGHPAT,-,-,29.08345,77.218858,9,802,2026-01-01 00:00:00,2026-09-01 00:00:00,True
"Primary School, Dhobi",SONBHADRA,-,-,24.700001,83.46001,0,0,,2023-07-05 12:00:00,False
"Primary School, Evani",JHANSI,Jhansi,-,25.43777,79.229519,9,844,2026-01-01 00:00:00,2026-09-04 00:00:00,True
"Primary School, Gaidaira",LALITPUR,-,-,24.877889,78.607136,8,704,2026-01-01 00:00:00,2026-08-29 00:00:00,True
"Primary School, Garher",JALAUN,-,-,26.017751,79.382879,9,828,2026-01-01 00:00:00,2026-09-05 18:00:00,True
"Primary School, Gauripur Javahar Nagar",BAGHPAT,-,-,28.991657,77.222013,9,833,2026-01-01 00:00:00,2026-09-05 18:00:00,True
"Primary School, Gorkha",MAHOBA,-,-,25.386239,79.64064,7,782,2026-01-01 00:00:00,2026-07-23 06:00:00,False
"Primary School, Gotaka",MEERUT,-,-,29.158535,77.518594,9,768,2026-01-01 06:00:00,2026-09-05 18:00:00,True
"Primary School, Gursarai tahrauli tahshil",JHANSI,Jhansi,-,25.533412,78.986807,8,918,2026-01-01 00:00:00,2026-08-29 00:00:00,True
"Primary School, Hanpa",CHITRAKOOT,-,-,25.289636,81.321121,6,477,2026-02-01 00:00:00,2026-09-05 18:00:00,False
"Primary School, Jamunipur",BANDA,-,-,25.49765,80.393891,7,796,2026-01-01 03:03:00,2026-07-23 09:03:00,False
"Primary School, Jhaaro Kalan",SONBHADRA,-,-,24.1816022,83.1503771,9,813,2026-01-01 00:00:00,2026-09-05 12:00:00,True
"Primary School, Jogehthi",MEERUT,-,-,29.047064,77.642502,9,862,2026-01-01 00:00:00,2026-09-05 18:00:00,True
"Primary School, Jogiya Khera",MUZAFFARNAGAR,-,-,29.294358,77.382058,9,898,2026-01-01 06:00:00,2026-09-05 06:00:00,True
"Primary School, Johadi",BAGHPAT,-,-,29.103029,77.340707,9,854,2026-01-01 00:00:00,2026-09-05 18:00:00,True
"Primary School, Kailgwan",LALITPUR,-,-,24.841849,78.760632,9,850,2026-01-01 00:00:00,2026-09-05 18:00:00,True
"Primary School, Kakadipur",BAGHPAT,-,-,29.253637,77.280787,9,842,2026-01-01 00:00:00,2026-09-05 18:00:00,True
"Primary School, Kakaurkala",BAGHPAT,-,-,29.173352,77.15018,9,822,2026-01-01 00:00:00,2026-09-05 18:00:00,True
"Primary School, Kalan Bar Devran",LALITPUR,-,-,24.818359,78.50096,9,706,2026-01-01 00:00:00,2026-09-05 18:00:00,True
"Primary School, Kalani Khurad",GORAKHPUR,-,-,26.690605,83.347525,9,827,2026-01-01 00:00:00,2026-09-05 12:00:00,True
"Primary School, Kantit",MIRZAPUR,Mirzapur,-,25.146835,82.5072723,9,805,2026-01-01 00:00:00,2026-09-05 12:00:00,True
"Primary School, Kanwara",BANDA,-,-,25.524444,80.30755,7,799,2026-01-01 02:19:00,2026-07-23 14:19:00,False
"Primary School, Kaparwar",DEORIA,-,-,26.3054039,83.674568,9,807,2026-01-01 00:00:00,2026-09-05 12:00:00,True
"Primary School, Karahiya",BANDA,-,-,25.578391,80.37522,7,785,2026-01-01 04:17:00,2026-07-23 10:17:00,False
"Primary School, Karasdev Mandir",LALITPUR,-,-,25.133382,78.556367,9,788,2026-01-01 00:00:00,2026-09-05 14:51:00,True
"Primary School, Kevtam",SONBHADRA,-,-,24.6300111,83.340011,9,797,2026-01-01 00:00:00,2026-09-05 12:00:00,True
"Primary School, Khandeura",BANDA,Banda,-,25.100075,80.576999,8,840,2026-01-01 06:00:00,2026-08-31 12:00:00,True
"Primary School, Khanpur",MUZAFFARNAGAR,-,-,29.341388,77.484654,7,777,2026-01-01 00:00:00,2026-07-23 06:00:00,False
"Primary School, Kharka",MAHOBA,-,-,25.361096,80.108193,7,800,2026-01-01 00:00:00,2026-07-23 12:00:00,False
"Primary School, Khera",MEERUT,-,-,29.229205,77.59462,7,653,2026-01-01 06:00:00,2026-07-31 12:00:00,False
"Primary School, Kheri Gani",MUZAFFARNAGAR,-,-,29.342905,77.445778,7,789,2026-01-01 00:00:00,2026-07-23 12:00:00,False
"Primary School, Khiriya",JHANSI,Jhansi,-,25.683912,78.9886,9,844,2026-01-01 00:00:00,2026-09-05 18:00:00,True
"Primary School, Khujurahokhurd",JHANSI,Jhansi,-,26.017751,79.382879,9,849,2026-01-01 00:00:00,2026-09-05 18:00:00,True
"Primary School, Kodai",VARANASI,-,-,25.4061837,82.7441688,9,799,2026-01-01 00:00:00,2026-09-05 18:00:00,True
"Primary School, Koilar",VARANASI,-,-,25.4097142,82.723222,9,801,2026-01-01 00:00:00,2026-09-05 12:00:00,True
"Primary School, Kolawal Raipur",BANDA,-,-,25.261293,80.375516,7,794,2026-01-01 00:00:00,2026-07-23 00:00:00,False
"Primary School, Kritikhand",FATEHPUR,-,-,25.857666,80.580818,9,909,2026-01-01 00:00:00,2026-09-05 18:00:00,True
"Primary School, Kuralasi",MUZAFFARNAGAR,-,-,29.26289,77.40559,7,771,2026-01-01 00:00:00,2026-07-23 12:00:00,False
"Primary School, Leharthkurpura",JHANSI,Jhansi,-,25.242715,78.54858,9,853,2026-01-01 00:00:00,2026-09-05 18:00:00,True
"Primary School, Lona",JALAUN,-,-,26.022765,79.166549,0,0,,2025-08-12 06:00:00,False
"Primary School, Mahaljana",MUZAFFARNAGAR,-,-,29.243175,77.502553,7,780,2026-01-01 05:02:00,2026-07-23 11:02:00,False
"Primary School, Mahuwa",BANDA,-,-,25.398834,80.424614,0,0,,2024-08-04 12:00:00,False
"Primary School, Makarbai",MAHOBA,-,-,25.358483,79.999033,7,778,2026-01-01 00:00:00,2026-07-23 12:00:00,False
"Primary School, Manupura",LALITPUR,-,-,24.839105,78.5107,8,782,2026-01-01 00:00:00,2026-08-15 00:00:00,True
"Primary School, Marry",JHANSI,Jhansi,-,25.476462,78.602875,9,849,2026-01-01 00:00:00,2026-09-05 18:00:00,True
"Primary School, Masaurakhurd",LALITPUR,-,-,24.652554,78.451204,9,848,2026-01-01 00:00:00,2026-09-05 18:00:00,True
"Primary School, Mau Manpur",BANDA,-,-,25.246808,80.412485,7,637,2026-01-01 00:00:00,2026-08-25 12:00:00,False
"Primary School, Mawai",MAHOBA,-,-,25.14414,79.851803,7,762,2026-01-01 00:00:00,2026-07-20 06:00:00,False
"Primary School, Medpur",MEERUT,-,-,28.96845,77.791596,7,788,2026-01-01 12:00:00,2026-07-23 12:00:00,False
"Primary School, Mindkali",MUZAFFARNAGAR,-,-,29.23531,77.447043,7,785,2026-01-01 02:53:00,2026-07-23 14:53:00,False
"Primary School, Mithabel",GORAKHPUR,-,-,26.554835,83.588628,9,848,2026-01-01 18:00:00,2026-09-05 12:00:00,True
"Primary School, Motiyari, Mahuaa, Banda_1",BANDA,-,-,25.190927,80.504354,9,842,2026-01-01 00:00:00,2026-09-05 18:00:00,True
"Primary School, Mudhari",MAHOBA,-,-,25.267263,79.62425,7,782,2026-01-01 05:48:00,2026-07-23 11:48:00,False
"Primary School, Nagwa",MUZAFFARNAGAR,-,-,29.2025992,77.499328,5,547,2026-01-01 00:00:00,2026-05-27 12:00:00,False
"Primary School, Nahdaora",MAHOBA,-,-,25.40632,80.074332,5,535,2026-01-01 00:00:00,2026-05-21 00:00:00,False
"Primary School, Narokhar",SONBHADRA,-,-,24.6313441,83.1693236,9,802,2026-01-01 18:00:00,2026-09-05 12:00:00,True
"Primary School, Narouiya Daamar",SONBHADRA,-,-,24.3269571,83.370573,9,821,2026-01-01 00:00:00,2026-09-05 12:00:00,True
"Primary School, Nibi",BANDA,-,-,25.14754,80.54797,7,787,2026-01-01 03:01:00,2026-07-23 15:01:00,False
"Primary School, Nota",JHANSI,Jhansi,-,25.472743,78.951012,9,854,2026-01-01 00:00:00,2026-09-05 18:00:00,True
"Primary School, Pachanehi",BANDA,-,-,25.562308,80.426302,7,786,2026-01-01 03:36:00,2026-07-23 15:36:00,False
"Primary School, Pachar",JHANSI,Jhansi,-,25.557226,78.746914,9,839,2026-01-01 06:00:00,2026-09-05 18:00:00,True
"Primary School, Padra",JHANSI,Jhansi,-,25.181223,78.887911,8,621,2026-01-01 00:00:00,2026-08-22 12:00:00,True
"Primary School, Pagnara",BANDA,-,-,25.207717,80.462429,7,775,2026-01-01 00:00:00,2026-07-23 12:00:00,False
"Primary School, Pahra",MAHOBA,-,-,25.361424,80.072414,7,769,2026-01-01 00:00:00,2026-07-23 12:00:00,False
"Primary School, Pakarhut",SONBHADRA,-,-,24.7199225,83.2871358,9,801,2026-01-01 00:00:00,2026-09-05 12:00:00,True
"Primary School, Pali",MEERUT,-,-,29.121439,77.98385,9,900,2026-01-01 00:00:00,2026-09-05 18:00:00,True
"Primary School, Paraon",LALITPUR,-,-,24.937571,78.577925,9,824,2026-01-01 00:00:00,2026-09-01 00:00:00,True
"Primary School, Pashu palan Vibhag Masuri",MEERUT,-,-,29.069387,77.824426,8,917,2026-01-01 00:00:00,2026-08-29 00:00:00,True
"Primary School, Purakalan, Talbehat, Lalitpur_1",LALITPUR,-,-,25.05684,78.612092,9,823,2026-01-01 00:00:00,2026-09-05 18:00:00,True
"Primary School, R.K.Inter college",BAGHPAT,-,-,29.148995,77.168007,9,845,2026-01-01 00:00:00,2026-09-05 18:00:00,True
"Primary School, Radhana",MEERUT,-,-,28.909146,77.941918,9,861,2026-01-01 00:00:00,2026-09-05 18:00:00,True
"Primary School, Raipura Khurd",MAHOBA,-,-,25.390439,79.895704,7,791,2026-01-01 03:59:00,2026-07-23 09:59:00,False
"Primary School, Ratauli",MAHOBA,-,-,25.311774,79.989544,7,790,2026-01-01 00:00:00,2026-07-23 12:00:00,False
"Primary School, Rehutan",BANDA,Banda,-,25.710113,80.379614,5,556,2026-01-01 00:00:00,2026-05-27 06:00:00,False
"Primary School, Safpuram Chandpur",MEERUT,-,-,29.131818,77.986433,9,852,2026-01-01 00:00:00,2026-09-05 18:00:00,True
"Primary School, Saina",HAMIRPUR,-,-,25.624833,79.539118,8,784,2026-01-01 00:00:00,2026-08-16 00:00:00,True
"Primary School, Salarpur Jalalpur",MEERUT,-,-,29.010694,77.78043,9,795,2026-01-02 12:00:00,2026-09-04 12:00:00,True
"Primary School, Salhepur",FATEHPUR,-,-,25.968726,80.375526,9,888,2026-01-01 00:00:00,2026-09-05 18:00:00,True
"Primary School, Sangholi taga",BAGHPAT,-,-,28.83171,78.380654,9,805,2026-01-01 00:00:00,2026-09-05 18:00:00,True
"Primary School, Sanori",LALITPUR,-,-,25.044874,78.510011,9,854,2026-01-01 00:00:00,2026-09-05 18:00:00,True
"Primary School, Sarwa",JHANSI,Jhansi,-,25.305553,78.436288,9,839,2026-01-01 00:00:00,2026-09-05 18:00:00,True
"Primary School, Satarwans",LALITPUR,-,-,24.59365,78.499464,3,317,2026-01-01 00:00:00,2026-03-22 12:00:00,False
"Primary School, Shambhupur Lauri",CHITRAKOOT,Chitrakoot,-,25.206538,81.236027,7,789,2026-01-01 00:00:00,2026-07-23 12:00:00,False
"Primary School, Shekhar",JHANSI,Jhansi,-,25.182275,78.497391,8,855,2026-01-01 00:00:00,2026-08-29 00:00:00,True
"Primary School, Shivpur",MIRZAPUR,-,-,25.074478,82.867906,9,794,2026-01-01 18:00:00,2026-09-05 12:00:00,True
"Primary School, Silana",BAGHPAT,-,-,29.192123,77.220546,9,904,2026-01-01 00:00:00,2026-09-05 18:00:00,True
"Primary School, Sindhan Kalan",BANDA,-,-,25.776833,80.444739,8,671,2026-01-01 06:00:00,2026-09-05 18:00:00,True
"Primary School, Sirasi",SONBHADRA,-,-,24.6577646,83.2965612,9,805,2026-01-01 00:00:00,2026-09-05 12:00:00,True
"Primary School, Sirjam",DEORIA,Deoria,-,26.51297467,83.7784338,9,831,2026-01-01 00:00:00,2026-09-05 12:00:00,True
"Primary School, Sultanpur_1",MUZAFFARNAGAR,-,-,29.323405,77.506124,8,790,2026-01-01 03:03:00,2026-09-04 15:03:00,True
"Primary School, Surikalan",LALITPUR,-,-,24.770929,78.684209,9,860,2026-01-01 00:00:00,2026-09-05 18:00:00,True
"Primary School, Taprayian",JHANSI,Jhansi,-,25.22951,78.461933,0,0,,2025-09-07 00:00:00,False
"Primary School, Tewalagarhi",BAGHPAT,-,-,29.202959,77.454399,9,846,2026-01-01 00:00:00,2026-09-05 18:00:00,True
"Primary School, Tikaria Jamunihai",CHITRAKOOT,-,-,25.019393,80.892272,7,785,2026-01-01 00:00:00,2026-07-23 12:00:00,False
"Primary School, Tilaura",SIDDHARTHNAGAR,-,-,27.1813917,82.87247,9,826,2026-01-01 00:00:00,2026-09-05 18:00:00,True
"Primary School, Udaipur",BANDA,-,-,25.277153,80.670421,7,784,2026-01-01 12:00:00,2026-07-23 12:00:00,False
"Primary School, Vansha Gram Panchayt",LALITPUR,-,-,24.627583,78.357904,9,874,2026-01-01 00:00:00,2026-09-05 18:00:00,True
"Primary School, Vijaypura",LALITPUR,-,-,24.565236,78.447389,9,777,2026-01-01 00:00:00,2026-09-01 00:00:00,True
"Primary School/ Composite, Alampur",SAHARANPUR,Saharanpur,-,29.77928,77.219398,9,827,2026-01-01 00:00:00,2026-09-05 18:00:00,True
"Primary School/ Composite, Bahedha",MUZAFFARNAGAR,-,-,29.40595,77.943561,9,757,2026-01-25 18:00:00,2026-09-05 18:00:00,False
"Primary School/ Composite, Bhojpur Taga",SAHARANPUR,Saharanpur,-,30.07703,77.541013,8,741,2026-01-01 00:00:00,2026-08-24 17:00:00,True
"Primary School/ Composite, Chaappar",SAHARANPUR,Saharanpur,-,29.871599,77.285221,9,809,2026-01-01 00:00:00,2026-09-05 18:00:00,True
"Primary School/ Composite, Chittora",MUZAFFARNAGAR,-,-,29.357824,77.81001,9,921,2026-01-01 00:00:00,2026-09-05 18:00:00,True
"Primary School/ Composite, Dadheru Kaian",MUZAFFARNAGAR,-,-,29.490602,77.619424,9,832,2026-01-01 00:00:00,2026-09-05 18:00:00,True
"Primary School/ Composite, Dariyapur",MUZAFFARNAGAR,-,-,29.403005,77.965121,3,323,2026-01-01 00:00:00,2026-03-25 12:00:00,False
"Primary School/ Composite, Dholla Majra",SAHARANPUR,Saharanpur,-,29.884476,77.266198,9,823,2026-01-01 00:00:00,2026-09-05 18:00:00,True
"Primary School/ Composite, Fakreda",SAHARANPUR,Saharanpur,-,29.893904,77.728096,8,845,2026-01-02 15:57:00,2026-08-25 14:24:00,True
"Primary School/ Composite, Ghatampur",SAHARANPUR,Saharanpur,-,29.854358,77.292772,7,658,2026-01-01 00:00:00,2026-07-21 18:00:00,False
"Primary School/ Composite, Ghumawati",MUZAFFARNAGAR,-,-,29.578258,77.855488,9,931,2026-01-01 00:00:00,2026-09-04 13:32:00,True
"Primary School/ Composite, Haibatpur",MUZAFFARNAGAR,-,-,29.51064,77.605369,9,872,2026-01-01 00:00:00,2026-09-05 18:00:00,True
"Primary School/ Composite, Harsauli",MUZAFFARNAGAR,-,-,29.398522,77.600445,9,854,2026-01-01 00:00:00,2026-09-05 18:00:00,True
"Primary School/ Composite, Jaula Dindauli",SAHARANPUR,Saharanpur,-,29.853954,77.659518,9,875,2026-01-01 00:00:00,2026-09-05 18:00:00,True
"Primary School/ Composite, Jeevna",MUZAFFARNAGAR,-,-,29.2929,77.666319,9,821,2026-01-01 00:00:00,2026-09-05 18:00:00,True
"Primary School/ Composite, Jhabiran",SAHARANPUR,Saharanpur,-,29.966511,77.400802,9,945,2026-01-01 00:00:00,2026-09-04 00:00:00,True
"Primary School/ Composite, Jukhedi",SAHARANPUR,Saharanpur,-,29.802393,77.308486,9,906,2026-01-01 00:00:00,2026-09-05 18:00:00,True
"Primary School/ Composite, Katla Naveen",SAHARANPUR,Saharanpur,-,30.044453,77.49411,9,769,2026-01-01 06:00:00,2026-09-05 18:00:00,True
"Primary School/ Composite, Landhoura Junardar",SAHARANPUR,Saharanpur,-,29.974588,77.57002,8,881,2026-01-01 00:00:00,2026-08-31 18:03:00,True
"Primary School/ Composite, Mandawali Khadar",MUZAFFARNAGAR,-,-,29.270732,77.58438,9,846,2026-01-02 12:00:00,2026-09-05 18:00:00,True
"Primary School/ Composite, Manganpur",MUZAFFARNAGAR,-,-,29.544295,77.485792,9,924,2026-01-01 00:00:00,2026-09-03 17:08:00,True
"Primary School/ Composite, Manoharpur",SAHARANPUR,Saharanpur,-,30.019681,77.502639,9,811,2026-01-01 00:00:00,2026-09-05 18:00:00,True
"Primary School/ Composite, Manpur Qadeem",SAHARANPUR,Saharanpur,-,29.75828,77.144628,9,929,2026-01-01 00:00:00,2026-09-02 12:00:00,True
"Primary School/ Composite, Mehmoodpur",SAHARANPUR,Saharanpur,-,29.81469,77.737876,9,758,2026-01-01 00:00:00,2026-09-05 18:00:00,True
"Primary School/ Composite, Mundi Kheri",SAHARANPUR,Saharanpur,-,29.817502,77.485792,9,785,2026-01-01 00:00:00,2026-09-01 15:59:00,True
"Primary School/ Composite, Nagla Rajput",SAHARANPUR,Saharanpur,-,29.81232,77.194552,9,849,2026-01-01 00:00:00,2026-09-05 18:00:00,True
"Primary School/ Composite, Nandhera Khurd",SAHARANPUR,Saharanpur,-,29.637284,77.56033,9,806,2026-01-02 06:00:00,2026-09-03 15:33:00,True
"Primary School/ Composite, Nasrullahgarh",SAHARANPUR,Saharanpur,-,29.935848,77.253626,9,842,2026-01-01 00:00:00,2026-09-05 18:00:00,True
"Primary School/ Composite, Nunabadi",SAHARANPUR,Saharanpur,-,29.71187,77.572868,9,813,2026-01-01 00:00:00,2026-09-05 18:00:00,True
"Primary School/ Composite, Pawti",MUZAFFARNAGAR,-,-,29.592243,77.633976,9,799,2026-01-01 00:00:00,2026-09-05 18:00:00,True
"Primary School/ Composite, Peepalhera",MUZAFFARNAGAR,-,-,29.528774,77.480056,9,892,2026-01-01 00:00:00,2026-09-05 18:00:00,True
"Primary School/ Composite, Rasulpur",MUZAFFARNAGAR,-,-,29.53586,77.635988,9,840,2026-01-01 00:00:00,2026-09-05 18:00:00,True
"Primary School/ Composite, Sidki",SAHARANPUR,Saharanpur,-,29.877706,77.63111,9,845,2026-01-01 00:00:00,2026-09-05 18:00:00,True
"Primary School/ Composite, Simbhalki",MUZAFFARNAGAR,-,-,29.598879,77.725107,3,333,2026-01-01 00:00:00,2026-03-25 12:00:00,False
"Primary School/ Composite, Tandheda",MUZAFFARNAGAR,-,-,29.372459,77.931921,9,838,2026-01-01 00:00:00,2026-09-05 18:00:00,True
"Primary Shool, Karahara Khurd",MAHOBA,-,-,25.47637,79.594223,7,787,2026-01-01 05:04:00,2026-07-23 11:04:00,False
"Primay School, Bhasana",MUZAFFARNAGAR,-,-,29.299256,77.498168,7,774,2026-01-01 00:00:00,2026-07-23 12:00:00,False
"Primay School, Kurthal",MUZAFFARNAGAR,-,-,29.230577,77.483987,5,540,2026-01-01 00:00:00,2026-05-27 18:00:00,False
"Primay School, Kutubpur",MUZAFFARNAGAR,-,-,29.232753,77.514917,0,0,,2025-08-17 18:00:00,False
Prmary School Rajpura,VARANASI,-,-,25.256981,82.774457,9,912,2026-01-01 00:00:00,2026-09-05 18:00:00,True
Pukari,BANDA,-,-,25.12519,80.41928,7,560,2026-02-01 00:00:00,2026-09-05 18:00:00,False
Punchayat Bhawan Bhaluwani,DEORIA,-,-,26.371332,83.761583,9,908,2026-01-01 00:00:00,2026-09-04 18:00:00,True
Punchayat Bhawan Vijaypur,MIRZAPUR,-,-,25.133254,82.39177,9,904,2026-01-01 00:00:00,2026-09-05 18:00:00,True
"Purv Madh Vidhyalaya, Doomradeeh",SONBHADRA,-,-,24.1967011,83.2116726,9,817,2026-01-01 00:00:00,2026-09-05 12:00:00,True
"Purv Madh Vidhyalaya, Shivpur",SONBHADRA,-,-,24.7140575,83.2296165,9,817,2026-01-01 00:00:00,2026-09-05 12:00:00,True
"Purv Madhyamik Vidhyalaya, Basetkheri",BAGHPAT,-,-,28.941112,77.312145,6,458,2026-01-01 00:00:00,2026-09-05 00:00:00,False
"Purv Madhyamik Vidhyalaya, Doriya",SONBHADRA,-,-,24.7278197,83.3711203,9,813,2026-01-01 00:00:00,2026-09-05 12:00:00,True
"Purv Madhyamik Vidhyalaya, Fattupur",SANT RAVIDAS NAGAR,-,-,25.4040161,82.5393989,9,817,2026-01-01 00:00:00,2026-09-05 12:00:00,True
"Purv Madhyamik Vidhyalaya, Gauripur Habibpur",BAGHPAT,-,-,28.947748,77.307024,0,0,,2025-08-02 06:00:00,False
"Purv Madhyamik Vidhyalaya, Hisawada",BAGHPAT,-,-,28.973586,77.36285,7,788,2026-01-01 18:00:00,2026-07-23 12:00:00,False
"Purv Madhyamik Vidhyalaya, Khattla Prhaladpur",BAGHPAT,-,-,28.916403,77.332221,7,779,2026-01-01 00:00:00,2026-07-23 12:00:00,False
"Purv Madhyamik Vidhyalaya, Mahooli",SONBHADRA,-,-,24.2319299,83.2964576,9,794,2026-01-01 00:00:00,2026-09-05 18:00:00,True
"Purv Madhyamik Vidhyalaya, Sankalpoothi",BAGHPAT,-,-,28.933905,77.35243,7,783,2026-01-01 00:00:00,2026-07-23 06:00:00,False
"Purv Madhyamik Vidhyalaya, Tilpani",BAGHPAT,-,-,29.015518,77.396231,7,763,2026-01-01 00:00:00,2026-07-23 12:00:00,False
"Purv Madhyamik Vidyalaya, Mujehra",MIRZAPUR,-,-,25.2190414,82.5386282,9,813,2026-01-01 00:00:00,2026-09-05 12:00:00,True
"Purv Madhyamik Vidyalaya, Ranibari",MIRZAPUR,-,-,25.1397805,82.5265216,9,793,2026-01-01 00:00:00,2026-09-05 12:00:00,True
"Purv Madhyamik Vidyalaya,Bharpura",MIRZAPUR,-,-,25.081998,82.702502,9,797,2026-01-01 00:00:00,2026-09-05 12:00:00,True
Purva Madhyamik Vidhyalaya Achausa,JHANSI,-,-,25.635476,79.043694,9,892,2026-01-01 00:00:00,2026-09-05 18:00:00,True
Purva Madhyamik Vidhyalaya Baroda Dang,LALITPUR,-,-,24.949716,78.538933,9,894,2026-01-02 00:00:00,2026-09-05 18:00:00,True
Purva Madhyamik Vidhyalaya Beera,HAMIRPUR,-,-,25.730799,79.583422,1,12,2026-08-12 00:00:00,2026-08-15 18:00:00,False
Purva Madhyamik Vidhyalaya Bhitaura,JHANSI,-,-,25.336319,78.938194,9,904,2026-01-02 00:00:00,2026-09-05 18:00:00,True
Purva Madhyamik Vidhyalaya Chelra,JHANSI,-,-,25.649328,78.947032,1,12,2026-08-12 00:00:00,2026-08-15 18:00:00,False
Purva Madhyamik Vidhyalaya Dohra,BAREILLY,-,-,28.377602,79.465786,2,22,2026-05-15 10:00:00,2026-08-15 18:00:00,False
Purva Madhyamik Vidhyalaya Jamuniya,LALITPUR,-,-,24.525137,78.31922,7,504,2026-01-02 00:00:00,2026-08-15 18:00:00,False
Purva Madhyamik Vidhyalaya Ladwari,LALITPUR,-,-,24.907563,78.610635,9,906,2026-01-01 00:00:00,2026-09-05 18:00:00,True
Purva Madhyamik Vidhyalaya Piphara,ETAH,-,-,27.494227,78.519052,9,901,2026-01-01 00:00:00,2026-09-05 18:00:00,True
Purva Madhyamik Vidhyalaya Sihari,JALAUN,-,-,26.249551,79.217094,9,920,2026-01-01 00:00:00,2026-09-05 18:00:00,True
"Purva Madhyamik Vidhyalaya, Baikunthpur",DEORIA,-,-,26.55517,83.806942,4,244,2026-01-01 00:00:00,2026-08-15 18:00:00,False
"Purva Madhyamik Vidhyalaya, Barora",JHANSI,-,-,25.156221,78.460525,7,773,2026-01-01 00:00:00,2026-07-19 00:00:00,False
"Purva Madhyamik Vidhyalaya, Chackwara",AZAMGARH,-,-,25.923232,83.163587,9,902,2026-01-01 00:00:00,2026-09-05 18:00:00,True
"Purva Madhyamik Vidhyalaya, Chandapur",VARANASI,-,-,25.410499,82.987667,9,912,2026-01-01 00:00:00,2026-09-05 18:00:00,True
"Purva Madhyamik Vidhyalaya, Kazampur",GHAZIABAD,-,-,28.799482,77.549222,1,12,2026-08-12 00:00:00,2026-08-15 18:00:00,False
"Purva Madhyamik Vidhyalaya, Lodhipura",HAMIRPUR,-,-,25.863124,79.706295,7,772,2026-01-01 00:00:00,2026-07-22 18:00:00,False
"Purva Madhyamik Vidhyalaya, Motiyari",CHITRAKOOT,-,-,25.19088,80.504498,3,265,2026-01-01 00:00:00,2026-03-14 00:00:00,False
"Purva Madhyamik Vidhyalaya, Palara",BANDA,Banda,-,25.698238,80.465182,7,787,2026-01-01 00:00:00,2026-07-23 12:00:00,False
Purva Madhyamik Vidyalaya Chalakpur,SAHARANPUR,-,-,30.048452,77.454106,9,920,2026-01-01 00:00:00,2026-09-05 18:00:00,True
Pv. Compiergang,GORAKHPUR,Gorakhpur,-,27.025,83.281944,9,814,2026-01-01 00:00:00,2026-09-05 12:00:00,True
R.R.C. Center Aata,JALAUN,-,-,26.046656,79.601251,9,892,2026-01-01 00:00:00,2026-09-05 18:00:00,True
RASULPUR BARGAON RAJKIYA UCHTTAR PRATHAMIK VIDYALAYA,KAUSHAMBI,-,-,25.370944,81.419864,9,834,2026-01-01 00:00:00,2026-09-05 18:00:00,True
Rajapur Sikraur,AZAMGARH,Azamgarh,-,26.0,82.939167,9,811,2026-01-01 00:00:00,2026-09-05 12:00:00,True
Rajkia Balika Inter College Kamasin,BANDA,-,-,25.522948,80.911552,8,778,2026-01-01 00:00:00,2026-08-22 00:00:00,True
Rajkia High School Pakhrauli,BANDA,-,-,25.566353,80.783332,8,832,2026-01-01 00:00:00,2026-08-17 18:00:00,True
Rajkiy Goverment Polytechnic Deoria,DEORIA,Deoria,-,26.53396,83.759349,3,136,2026-01-01 00:00:00,2026-08-15 18:00:00,False
"Rajkiya Balika Sector 9, Vijay Nagar, Shallow",GHAZIABAD,-,-,28.64638889,77.42555556,5,565,2026-01-01 00:00:00,2026-05-29 00:00:00,False
"Rajkiya Balika Sector 9, Vijay Nagar-Razapur-Medium",GHAZIABAD,-,-,28.64638889,77.42555556,5,569,2026-01-01 00:00:00,2026-05-30 00:00:00,False
"Rajkiya High School, Atali",MUZAFFARNAGAR,-,-,29.212539,77.516103,8,781,2026-01-01 11:38:00,2026-09-04 11:38:00,True
"Rajkiya I.C. Maldahiya, Medium",VARANASI,-,-,25.322195,82.993275,5,561,2026-01-01 00:00:00,2026-05-30 12:00:00,False
"Rajkiya I.C. Maldahiya, Shallow",VARANASI,-,-,25.322195,82.993275,5,565,2026-01-01 00:00:00,2026-05-30 12:00:00,False
"Rajkiya Inter college, Pailani",BANDA,Banda,-,25.759707,80.425327,7,787,2026-01-01 00:00:00,2026-07-23 12:00:00,False
Rajkiya Snatakottar Mahavidhyalaya-Fatehabad-Medium,AGRA,-,-,27.035,78.28722222,1,52,2026-01-01 00:00:00,2026-01-13 12:48:00,False
Rajkiya Snatakottar Mahavidhyalaya-Fatehabad-Shallow,AGRA,-,-,27.035,78.28722222,5,561,2026-01-01 00:00:00,2026-05-30 00:00:00,False
Ramchhitoni Sahawar (UP-011),Kansiram Nagar,Kasganj,-,27.75305556,78.90722222,9,919,2026-01-01 00:00:00,2026-09-05 18:00:00,True
Ramnagar (UP-072),BAREILLY,Bareilly,-,28.36944444,79.11944444,5,558,2026-01-01 00:00:00,2026-05-30 06:00:00,False
Ranipur_2,CHITRAKOOT,-,-,25.19449505,80.82972965,8,660,2026-01-01 00:00:00,2026-09-05 18:00:00,True
Rasin_2,CHITRAKOOT,-,-,25.185,80.705,8,681,2026-01-01 00:00:00,2026-09-05 18:00:00,True
"Roadways Bus Stand, Robertsganj",SONBHADRA,-,-,24.6867241,83.0642055,9,801,2026-01-01 00:00:00,2026-09-05 12:00:00,True
Rohari,HAMIRPUR,-,-,25.750852,80.057661,8,625,2026-01-02 18:00:00,2026-09-05 18:00:00,True
Rora_2,JHANSI,-,-,25.29411832,79.21271029,7,611,2026-01-01 00:00:00,2026-09-05 18:00:00,False
Ruri Para,HAMIRPUR,-,-,25.236905,79.906734,3,257,2026-02-01 00:00:00,2026-04-18 00:00:00,False
SARAHARI PRATHMIK VIDYALAYA,GORAKHPUR,-,-,26.92272,83.349066,9,822,2026-01-01 00:00:00,2026-09-05 12:00:00,True
SWASTH KENDR PIPIGANJ,GORAKHPUR,-,-,26.928612,83.294821,9,813,2026-01-01 00:00:00,2026-09-05 12:00:00,True
Sahabpur Mujehra (UP-147),MIRZAPUR,Mirzapur,-,25.178724,82.552154,1,65,2026-01-01 00:00:00,2026-01-18 06:00:00,False
Saharanpur City (UP-167),SAHARANPUR,Saharanpur,-,29.875118,77.55156,5,574,2026-01-01 00:00:00,2026-05-30 00:00:00,False
Sahaswan (UP-075),BUDAUN,Budaun,-,28.092598,78.789246,5,561,2026-01-01 00:00:00,2026-05-30 06:00:00,False
Saini Pi,MEERUT,-,-,29.040593,77.790506,3,261,2026-02-01 00:00:00,2026-04-19 00:00:00,False
Saint Ravidas Nagar Abholi Abholi,SANT RAVIDAS NAGAR,-,-,25.446551,82.368655,9,853,2026-01-01 00:00:00,2026-09-05 18:00:00,True
Saint Ravidas Nagar Abholi Gangarampur,SANT RAVIDAS NAGAR,-,-,25.458174,82.364247,9,856,2026-01-01 00:00:00,2026-09-05 18:00:00,True
Saint Ravidas Nagar Aurai Ugapur,SANT RAVIDAS NAGAR,-,-,25.3992,82.434861,9,903,2026-01-01 00:00:00,2026-09-05 18:00:00,True
Saint Ravidas Nagar Aurai Uprauth,SANT RAVIDAS NAGAR,-,-,25.277409,82.569482,9,816,2026-01-01 00:00:00,2026-09-05 18:00:00,True
Saint Ravidas Nagar Bhadohi Babhnauti,MIRZAPUR,-,-,25.334892,82.563506,0,0,,2025-03-27 12:00:00,False
Saint Ravidas Nagar Bhadohi Munshi,SANT RAVIDAS NAGAR,-,-,25.375199,82.534945,8,921,2026-01-01 00:00:00,2026-08-29 00:00:00,True
Saint Ravidas Nagar Deegh  Deegh,SANT RAVIDAS NAGAR,-,-,25.297279,82.304502,9,853,2026-01-01 00:00:00,2026-09-05 18:00:00,True
Saint Ravidas Nagar Deegh Velahua,SANT RAVIDAS NAGAR,-,-,25.347588,82.350868,9,874,2026-01-01 00:00:00,2026-09-05 18:00:00,True
Saint Ravidas Nagar Gyanpur Kansapur,SANT RAVIDAS NAGAR,-,-,25.342994,82.49052,9,941,2026-01-01 00:00:00,2026-09-05 18:00:00,True
Saint Ravidas Nagar Gyanpur Samhai,SANT RAVIDAS NAGAR,-,-,25.355367,82.508795,9,840,2026-01-01 00:00:00,2026-09-05 18:00:00,True
Saint Ravidas Nagar Suriyawan Chhapariya,SANT RAVIDAS NAGAR,-,-,25.456331,82.438271,9,829,2026-01-01 00:00:00,2026-09-05 18:00:00,True
Saint Ravidas Nagar Suriyawan Mond,SANT RAVIDAS NAGAR,-,-,25.428869,82.48589,9,931,2026-01-01 00:00:00,2026-09-05 18:00:00,True
Saital,GORAKHPUR,Gorakhpur,-,26.556111,83.378889,9,806,2026-01-01 00:00:00,2026-09-05 12:00:00,True
Salhakheri,MUZAFFARNAGAR,MUZAFFARNAGAR,-,29.463889,77.455556,9,839,2026-01-01 00:00:00,2026-09-05 12:00:00,True
"Samaj Sevak Junir High School, Bhaura Kalan",MUZAFFARNAGAR,-,-,29.378216,77.449939,9,859,2026-01-01 00:00:00,2026-09-05 18:00:00,True
Sandwa Chandika (UP-043),PRATAPGARH,PRATAPGARH,-,26.037881,81.88412,5,569,2026-01-01 00:00:00,2026-05-30 06:00:00,False
Sangampur,CHITRAKOOT,-,-,25.19764,80.240374,6,397,2026-02-01 00:00:00,2026-08-25 18:00:00,False
Sangramgarh (UP-039),PRATAPGARH,PRATAPGARH,-,25.854005,81.492061,0,0,,2025-09-07 00:00:00,False
Sanjhak,MUZAFFARNAGAR,MUZAFFARNAGAR,-,29.435278,77.631389,9,827,2026-01-01 00:00:00,2026-09-05 12:00:00,True
Sarali (UP-069),HAMIRPUR,HAMIRPUR,-,25.772097,79.67627,5,566,2026-01-01 00:00:00,2026-05-30 06:00:00,False
Sarhat_1,CHITRAKOOT,-,-,25.077097,81.095294,5,265,2026-02-01 00:00:00,2026-07-14 14:26:00,False
"Sarkari Samity, Block-Islamnagar-Islamnagar-Medium",BUDAUN,-,-,28.335061,78.715714,5,548,2026-01-02 06:00:00,2026-05-30 00:00:00,False
"Sarkari Samity, Block-Islamnagar-Islamnagar-Shallow",BUDAUN,-,-,28.335061,78.715714,5,557,2026-01-01 00:00:00,2026-05-30 00:00:00,False
Sarkati Sekh (UP-160),SAHARANPUR,Saharanpur,-,30.064306,77.566295,5,542,2026-01-01 00:00:00,2026-05-30 06:00:00,False
Sarnath (UP-110),VARANASI,VARANASI,-,25.378977,73.029819,5,560,2026-01-01 00:00:00,2026-05-30 06:00:00,False
Sarsai (UP-071),HAMIRPUR,HAMIRPUR,-,25.988304,79.938457,5,573,2026-01-01 00:00:00,2026-05-30 06:00:00,False
"Sarv Hitaari Inter Colledge, Meetli",BAGHPAT,-,-,28.953665,77.29167,7,776,2026-01-01 12:00:00,2026-07-23 06:00:00,False
Satti Chau Prathmik Vidyalaya,SHRAWASTI,-,-,27.69907,81.93443,9,832,2026-01-01 00:00:00,2026-09-05 18:00:00,True
Semara_1,CHITRAKOOT,-,-,25.149208,81.467994,8,694,2026-01-01 00:00:00,2026-09-05 18:00:00,True
Sewathan (UP-029),KAUSHAMBI,Kaushambi,-,25.357325,81.584864,5,481,2026-01-01 00:00:00,2026-05-29 18:00:00,False
"Shahid Chandra Shekhar Kanya P.M.V., Mallupura",MUZAFFARNAGAR,-,-,29.479795,77.702103,9,859,2026-01-01 00:00:00,2026-09-05 18:00:00,True
Shahjahanpur Bhawal Kheda Bhawal Kheda,SHAHJAHANPUR,-,-,27.895952,79.984973,9,856,2026-01-01 00:00:00,2026-09-05 18:00:00,True
Shahjahanpur Bhawal Kheda Chak Bhitara,SHAHJAHANPUR,-,-,27.845415,79.999868,9,891,2026-01-01 00:00:00,2026-09-05 18:00:00,True
Shahjahanpur Bhawal Kheda Chaudhera,SHAHJAHANPUR,-,-,27.818291,79.924457,8,603,2026-01-01 12:00:00,2026-09-05 18:00:00,True
Shahjahanpur Bhawal Kheda Ladhauli,SHAHJAHANPUR,-,-,27.941568,79.95473,9,898,2026-01-01 00:00:00,2026-09-05 00:00:00,True
Shahjahanpur Bhawal Kheda Shahbaj Pur,SHAHJAHANPUR,-,-,27.813481,79.906993,8,589,2026-01-01 12:00:00,2026-09-04 00:00:00,True
Shahjahanpur Bhawal Kheda Sutnera,SHAHJAHANPUR,-,-,27.90977,80.03193,9,818,2026-01-01 00:00:00,2026-09-05 18:00:00,True
Shahjahanpur Dadraul Banthara,SHAHJAHANPUR,-,-,27.91887,79.819144,9,835,2026-01-01 06:00:00,2026-09-05 18:00:00,True
Shahjahanpur Dadraul Saraura (East),SHAHJAHANPUR,-,-,27.799064,79.899495,8,581,2026-01-01 00:00:00,2026-09-04 00:00:00,True
Shahjahanpur Puvayan  Badagaon Pratham,SHAHJAHANPUR,-,-,28.05027,80.07123,9,834,2026-01-01 00:00:00,2026-09-05 18:00:00,True
Shahjahanpur Puvayan Bhilawan,SHAHJAHANPUR,-,-,28.100451,80.097023,9,814,2026-01-01 00:00:00,2026-09-05 18:00:00,True
Shahjahanpur Puvayan Mahua Pathak,SHAHJAHANPUR,-,-,28.025949,80.039412,9,725,2026-01-01 00:00:00,2026-09-05 18:00:00,True
Shahjahanpur Puvayan Nahil,SHAHJAHANPUR,-,-,28.12588,80.04257,9,835,2026-01-01 00:00:00,2026-09-05 18:00:00,True
Shahjahanpur Sidhauli Korokuiyan,SHAHJAHANPUR,-,-,28.017453,80.028498,9,825,2026-01-01 00:00:00,2026-09-05 18:00:00,True
Shahjahanpur Sidhauli Mahanand Pur,SHAHJAHANPUR,-,-,28.007942,80.013319,8,789,2026-01-01 00:00:00,2026-08-23 18:00:00,True
Shahjahanpur Sidhauli Sidhauli,SHAHJAHANPUR,-,-,27.965402,79.967845,9,851,2026-01-01 00:00:00,2026-09-05 18:00:00,True
Shitalpur_1,CHITRAKOOT,-,-,25.182206,81.021946,8,673,2026-01-01 00:00:00,2026-09-05 18:00:00,True
Shivgarh (UP-035),PRATAPGARH,PRATAPGARH,-,25.811524,82.089433,5,566,2026-01-01 00:00:00,2026-05-30 06:00:00,False
Sijnaura,HAMIRPUR,-,-,25.65102027,80.14844743,6,298,2026-02-01 00:00:00,2026-09-03 12:00:00,False
Sijwahi,HAMIRPUR,-,-,25.59969,80.19027,7,538,2026-02-01 00:00:00,2026-09-05 18:00:00,False
Sikhula Pz._1,BANDA,-,-,25.827644,80.312119,8,671,2026-01-01 18:00:00,2026-09-05 18:00:00,True
Sikraun,CHITRAKOOT,Chitrakoot,-,25.302449,81.317216,7,797,2026-01-01 00:00:00,2026-07-23 12:00:00,False
Silauli,HAMIRPUR,-,-,25.708027,80.056112,6,319,2026-01-01 00:00:00,2026-07-27 10:19:00,False
Singhara Pr. Vid.,AZAMGARH,MOHAMMADPUR,MOHAMMADPUR,25.92111111,82.98083333,9,819,2026-01-01 00:00:00,2026-09-05 12:00:00,True
Sirathu (UP-032),KAUSHAMBI,Kaushambi,-,25.645556,81.319723,5,563,2026-01-01 00:00:00,2026-05-30 06:00:00,False
Sirsa Kalar (UP-118),JALAUN,JALAUN,-,26.287489,79.42595,2,151,2026-01-01 00:00:00,2026-02-07 12:00:00,False
Sitapur Mafi,CHITRAKOOT,-,-,25.189291,80.869885,8,667,2026-01-01 00:00:00,2026-09-05 18:00:00,True
Sonbhadra Babhani Bhawar,MIRZAPUR,-,-,25.149966,82.509871,8,915,2026-01-01 00:00:00,2026-08-23 18:00:00,True
Sonbhadra Chopan Khairatiya,SONBHADRA,-,-,24.486905,82.988388,9,867,2026-01-01 00:00:00,2026-09-05 18:00:00,True
Sonbhadra Duddhi Mahuli,SONBHADRA,-,-,24.235831,83.303241,9,865,2026-01-01 00:00:00,2026-09-05 18:00:00,True
Sonbhadra Myorpur Agartola,SONBHADRA,-,-,24.098713,83.094693,9,855,2026-01-01 00:00:00,2026-09-05 18:00:00,True
Sonbhadra Rabarts Gaurdeeha,MIRZAPUR,-,-,24.682354,83.046064,6,266,2026-01-01 00:00:00,2026-07-28 12:00:00,False
Sports Stadium Campus Dallpur Road-Nawabganj-Medium,BAREILLY,-,-,28.550293,79.593566,5,555,2026-01-01 00:00:00,2026-05-30 00:00:00,False
Sports Stadium Campus Dallpur Road-Nawabganj-Shallow,BAREILLY,-,-,28.550293,79.593566,5,478,2026-01-01 00:00:00,2026-05-30 06:00:00,False
Srikantpur Pr. Vid.,AZAMGARH,LALGANJ,LALGANJ,25.76527778,82.93416667,9,815,2026-01-01 00:00:00,2026-09-05 12:00:00,True
Sudeenpur,CHITRAKOOT,-,-,25.21795987,80.7099962,6,472,2026-01-01 00:00:00,2026-07-26 00:00:00,False
"Sujan Singh Inter College, Medium",MEERUT,-,-,28.988216,77.758012,5,561,2026-01-01 00:00:00,2026-05-30 00:00:00,False
"Sujan Singh Inter College, Shallow",MEERUT,-,-,28.988216,77.758012,3,319,2026-01-01 00:00:00,2026-03-26 00:00:00,False
Sujanpura Badhyapar,GORAKHPUR,Gorakhpur,-,26.55,83.216111,9,844,2026-01-01 00:00:00,2026-09-05 18:00:00,True
Sukwan,JHANSI,-,-,25.21438,78.53791,8,650,2026-01-01 06:00:00,2026-09-05 18:00:00,True
Sumariya Charandasi,CHITRAKOOT,-,-,25.19699863,81.00657845,6,496,2026-02-01 00:00:00,2026-09-05 18:00:00,False
Sunvilian School Teela Shahbazpur,GHAZIABAD,-,-,28.725343,77.322112,1,12,2026-08-12 00:00:00,2026-08-15 18:00:00,False
Supa_1,MAHOBA,-,-,25.321979,79.745872,6,500,2026-02-01 00:00:00,2026-09-05 18:00:00,False
"Swarg Dham, Hardua",JHANSI,-,-,25.711111,79.09725,9,896,2026-01-01 00:00:00,2026-09-05 18:00:00,True
Takhtupur,CHITRAKOOT,-,-,25.198,81.032,6,421,2026-01-01 00:00:00,2026-07-18 06:00:00,False
Tara (Bajarangi Dera),BANDA,-,-,25.7511,80.51294,7,548,2026-02-01 00:00:00,2026-09-05 18:00:00,False
Tarkhari,BANDA,-,-,25.26356661,80.44980308,6,515,2026-01-01 06:00:00,2026-07-25 12:00:00,False
Tehsil Premises-Chail-Medium,KAUSHAMBI,-,-,25.447347,81.610337,5,553,2026-01-01 00:00:00,2026-05-30 00:00:00,False
Tehsil Premises-Chail-Shallow,KAUSHAMBI,-,-,25.447347,81.610337,3,237,2026-01-01 00:00:00,2026-03-08 00:00:00,False
Telipahari_1,MAHOBA,-,-,25.311431,79.381222,3,261,2026-02-01 00:00:00,2026-04-19 00:00:00,False
Terha_1,HAMIRPUR,-,-,25.830618,80.240971,8,677,2026-01-01 00:00:00,2026-09-05 18:00:00,True
Teta_1,LALITPUR,-,-,24.90651,78.48834,7,399,2026-01-25 18:00:00,2026-09-05 18:00:00,False
"Thana Prisar, Lalganj",MIRZAPUR,-,-,25.0189937,82.3612535,9,826,2026-01-01 18:00:00,2026-09-05 12:00:00,True
Thana/ Tapariyan,LALITPUR,-,-,25.09685,78.39596,7,633,2026-01-01 00:00:00,2026-09-05 18:00:00,False
Tihar Block office (UP-119),JALAUN,JALAUN,-,26.373565,79.221669,5,578,2026-01-01 00:00:00,2026-05-30 06:00:00,False
Titar Khalispur (UP-114),JALAUN,JALAUN,-,26.076009,79.190383,5,585,2026-01-01 00:00:00,2026-05-30 06:00:00,False
UPS Sheo Rampur,CHITRAKOOT,-,-,25.216905,80.837638,7,784,2026-01-01 00:00:00,2026-07-23 12:00:00,False
Uccha Prathmik Vidhyalaya,MEERUT,-,-,28.980105,77.810863,7,1130,2026-01-01 00:50:00,2026-07-23 12:50:00,False
Uccha Prathmik Vidhyalaya Composite V0 Sardhana dehat,MEERUT,-,-,29.149324,77.615072,1,12,2026-08-12 00:00:00,2026-08-15 18:00:00,False
Uccha Prathmik Vidhyalaya Deaval,CHITRAKOOT,-,-,25.387362,80.943182,8,780,2026-01-02 00:00:00,2026-08-04 18:00:00,True
Uccha Prathmik Vidhyalaya Devaratha,BANDA,-,-,25.542005,80.607435,9,892,2026-01-01 00:00:00,2026-09-05 18:00:00,True
Uccha Prathmik Vidhyalaya Odera,HAMIRPUR,-,-,25.561162,79.560182,9,843,2026-01-01 00:00:00,2026-09-05 18:00:00,True
Uccha Prathmik Vidhyalaya Saipura,JHANSI,-,-,25.420513,79.303347,0,0,,2025-01-30 18:00:00,False
Uccha Prathmik Vidhyalaya Uldan,JHANSI,-,-,25.391496,79.01559,9,900,2026-01-01 00:00:00,2026-09-05 18:00:00,True
"Uccha Prathmik Vidhyalaya, Chero",DEORIA,-,-,26.3037,83.859915,9,904,2026-01-01 00:00:00,2026-09-05 18:00:00,True
"Uccha Prathmik Vidhyalaya, Gangapur",FATEHPUR,-,-,25.980371,80.338543,9,908,2026-01-01 00:00:00,2026-09-05 18:00:00,True
"Uccha Prathmik Vidhyalaya, Hamedabad Mill",BAGHPAT,-,-,28.944542,77.245365,7,778,2026-01-01 00:00:00,2026-07-23 12:00:00,False
"Uccha Prathmik Vidhyalaya, Hasanpur Kadim",MEERUT,-,-,28.938962,77.786322,8,794,2026-01-01 04:17:00,2026-09-04 10:17:00,True
"Uccha Prathmik Vidhyalaya, Kachnav",JHANSI,-,-,25.265336,78.980964,0,0,,2025-08-16 18:00:00,False
"Uccha Prathmik Vidhyalaya, Kapsarh",MEERUT,-,-,29.197728,77.680634,9,920,2026-01-01 00:00:00,2026-09-05 18:00:00,True
"Uccha Prathmik Vidhyalaya, Lohra (Pampawan)",SONBHADRA,-,-,24.883932,83.042117,9,928,2026-01-01 00:00:00,2026-09-05 18:00:00,True
"Uccha Prathmik Vidhyalaya, Narayetch",HAMIRPUR,-,-,25.662741,80.084162,7,777,2026-01-01 00:00:00,2026-07-23 00:00:00,False
"Uccha Prathmik Vidhyalaya, Paharpura",JHANSI,-,-,25.8434281,78.94162471,0,0,,2025-08-14 18:00:00,False
"Uccha Prathmik Vidhyalaya, Pathouli",MEERUT,-,-,29.084634,77.555724,9,896,2026-01-01 00:00:00,2026-09-05 18:00:00,True
"Uccha Prathmik Vidhyalaya, Rajpura",MEERUT,-,-,29.011901,77.768949,7,794,2026-01-01 00:00:00,2026-07-23 12:00:00,False
"Uccha Prathmik Vidhyalaya, Semra Bhav Nagar",LALITPUR,-,-,24.797724,78.599031,9,884,2026-01-01 00:00:00,2026-09-05 18:00:00,True
"Uccha Prathmik Vidhyalaya, Simra",JHANSI,-,-,25.543998,78.444637,9,836,2026-01-02 00:00:00,2026-09-03 18:00:00,True
"Uccha Prathmik Vidhyalaya, Siswa",DEORIA,-,-,26.497163,83.908073,9,793,2026-01-19 06:00:00,2026-09-05 18:00:00,False
"Uccha Prathmik Vidhyalaya, Sonpur",MIRZAPUR,-,-,25.04768,82.993337,9,736,2026-01-13 18:00:00,2026-09-05 18:00:00,True
"Uccha Prathmik Vidhyalaya, Tulsi",MIRZAPUR,-,-,25.036993,82.419747,4,171,2026-03-11 18:00:00,2026-06-08 12:00:00,False
"Uchha Prathmik Vidhyala, Tadi Mustkil",CHITRAKOOT,-,-,25.327113,81.379815,9,804,2026-01-01 00:00:00,2026-09-05 06:00:00,True
"Uchha Prathmik Vidhyalaya, Amarpur",JHANSI,-,-,25.381972,78.397731,5,546,2026-01-01 00:00:00,2026-05-27 06:00:00,False
"Uchha Prathmik Vidhyalaya, Budhana Bagar",MUZAFFARNAGAR,-,-,29.305398,77.479396,7,787,2026-01-01 00:56:00,2026-07-23 12:56:00,False
"Uchha Prathmik Vidhyalaya, Jamauri Danda",HAMIRPUR,-,-,25.914837,79.616833,7,772,2026-01-01 00:44:00,2026-07-23 12:44:00,False
"Uchha Prathmik Vidhyalaya, Khairada",BANDA,-,-,25.463997,80.205807,7,792,2026-01-01 03:39:00,2026-07-23 09:39:00,False
"Uchha Prathmik Vidhyalaya, Khanpur",BANDA,-,-,25.274635,80.384733,7,798,2026-01-01 00:00:00,2026-07-23 12:00:00,False
"Uchha Prathmik Vidhyalaya, Khutaha",CHITRAKOOT,Chitrakoot,-,25.208626,80.853927,7,797,2026-01-01 02:57:00,2026-07-23 14:57:00,False
"Uchha Prathmik Vidhyalaya, Pilana",BAGHPAT,-,-,28.942044,77.369782,7,798,2026-01-01 00:00:00,2026-07-23 06:00:00,False
"Uchha Prathmik Vidhyalaya, Rampur",BANDA,JASPURA,JASPURA,25.84472222,80.37416667,7,792,2026-01-01 04:11:00,2026-07-23 10:11:00,False
"Uchha Prathmik Vidhyalaya, Vidhokar Purai",HAMIRPUR,-,-,25.784848,80.079725,7,781,2026-01-01 00:00:00,2026-07-23 12:00:00,False
Uchha Prathmik Vidhyalaya_1,MEERUT,-,-,28.862633,77.8568,7,812,2026-01-01 00:00:00,2026-07-23 12:00:00,False
Ujhani (UP-074),BUDAUN,Budaun,-,28.01583333,79.08333333,5,569,2026-01-01 06:00:00,2026-05-30 06:00:00,False
"Up Rajya Hindi Sansthan Campus, Medium",VARANASI,-,-,25.35611111,82.97166667,5,269,2026-01-01 18:00:00,2026-05-29 18:00:00,False
"Up Rajya Hindi Sansthan Campus, Shallow",VARANASI,-,-,25.35611111,82.97166667,1,19,2026-01-01 18:00:00,2026-01-19 14:40:00,False
Upper Primary Kasampur,MUZAFFARNAGAR,-,-,29.550843,77.804216,9,924,2026-01-01 00:00:00,2026-09-05 18:00:00,True
Upper Primary Kheri Sundiyan,MUZAFFARNAGAR,-,-,29.425538,77.482191,1,12,2026-08-12 00:00:00,2026-08-15 18:00:00,False
Upper Primary School Basawanpur,BUDAUN,-,-,28.028995,78.939434,6,506,2026-04-08 00:00:00,2026-09-05 18:00:00,False
Upper Primary School Bhuwapur,MUZAFFARNAGAR,-,-,29.447794,77.970028,2,56,2026-01-01 00:00:00,2026-08-15 18:00:00,False
Upper Primary School Doharia,BAREILLY,-,-,28.369896,79.476845,6,454,2026-01-01 00:00:00,2026-09-05 18:00:00,False
"Upper Primary School Eng Medium, Hariyabans",SAHARANPUR,Saharanpur,-,29.958322,77.67493,9,837,2026-01-01 00:00:00,2026-09-05 18:00:00,True
Upper Primary School Lehra,ETAH,-,-,27.555176,78.460752,9,889,2026-01-01 00:00:00,2026-09-05 18:00:00,True
Upper Primary School Pohalli,MEERUT,-,-,29.073078,77.642706,9,888,2026-01-01 00:00:00,2026-09-05 18:00:00,True
Upper Primary School Rampuriya,BAREILLY,-,-,28.137911,79.529607,7,544,2026-01-01 00:00:00,2026-07-11 18:00:00,False
Upper Primary School Rijaula,BUDAUN,-,-,27.829764,79.271286,9,909,2026-01-01 00:00:00,2026-09-05 18:00:00,True
Upper Primary School Sarahan Bujurg,FATEHPUR,-,-,25.994991,80.300108,9,920,2026-01-01 00:00:00,2026-09-05 18:00:00,True
Upper Primary School Simauni,BANDA,-,-,25.598864,80.600947,7,752,2026-01-01 00:00:00,2026-07-29 18:00:00,False
Upper Primary School Udaybhanpur,BAREILLY,-,-,28.362897,79.147974,1,12,2026-08-12 00:00:00,2026-08-15 18:00:00,False
Upper Primary School Urouliya,BUDAUN,-,-,27.886435,79.208052,9,910,2026-01-01 00:00:00,2026-09-05 18:00:00,True
"Upper Primary School, Jed",BAREILLY,-,-,28.249794,79.524933,4,335,2026-05-15 14:00:00,2026-08-17 18:00:00,False
"Upper Primary School, Khadui",SONBHADRA,-,-,24.677459,83.2618895,9,785,2026-01-01 00:00:00,2026-09-05 12:00:00,True
"Upper Primary School, Kiyara",BAREILLY,-,-,28.256539,79.419254,5,401,2026-05-15 12:00:00,2026-09-05 18:00:00,False
"Upper Primary School, Pura Mahadev",BAGHPAT,-,-,28.998112,77.450604,7,788,2026-01-01 00:00:00,2026-07-23 12:00:00,False
Usraina (UP-025),FATEHPUR,Fatehpur,-,25.893598,81.12565,5,514,2026-01-01 00:00:00,2026-05-15 00:00:00,False
Varansi Badagaon Badagaon Pratham,VARANASI,-,-,25.292609,82.79784,7,209,2026-01-01 06:00:00,2026-09-05 18:00:00,False
Varansi Badagaon Gajapur,VARANASI,-,-,25.393313,82.753267,9,401,2026-01-09 06:00:00,2026-09-05 18:00:00,True
Varansi Chirai Gaon  Gathiya Jairampur,VARANASI,-,-,25.446852,83.098802,9,532,2026-01-01 00:00:00,2026-09-05 18:00:00,True
Varansi Chirai Gaon Chhahi,VARANASI,-,-,25.408162,83.038612,8,535,2026-01-01 00:00:00,2026-08-21 18:00:00,True
Varansi Cholapur Chaubepur,VARANASI,-,-,25.446828,83.098698,9,849,2026-01-01 00:00:00,2026-09-05 18:00:00,True
Varansi Cholapur Degarupur,VARANASI,-,-,25.448312,83.027032,7,290,2026-03-11 16:17:00,2026-09-05 18:00:00,False
Varansi Cholapur Munari,VARANASI,-,-,25.449407,83.048723,9,580,2026-01-01 00:00:00,2026-09-05 18:00:00,True
Varansi Harahua Bhaithauli,VARANASI,-,-,25.460597,82.970217,9,840,2026-01-01 00:00:00,2026-09-04 00:00:00,True
Varansi Harahua Gurwat,VARANASI,-,-,25.457824,82.980965,9,593,2026-01-14 18:00:00,2026-09-03 06:00:00,True
Varansi Harahua Kakalpur,VARANASI,-,-,25.316392,82.832559,8,655,2026-01-10 18:00:00,2026-08-24 00:00:00,True
Varansi Harahua Shivrampur,VARANASI,-,-,25.426629,83.073133,9,218,2026-01-01 18:00:00,2026-09-05 18:00:00,True
Varansi Harahua Sulemapur,VARANASI,-,-,25.451127,83.001113,9,829,2026-01-01 00:00:00,2026-09-05 18:00:00,True
Varansi Pindara Bavatpur Ada Karmi,VARANASI,-,-,25.448866,82.870016,6,374,2026-04-30 00:00:00,2026-09-05 18:00:00,False
Varansi Pindara Gajendra,VARANASI,-,-,25.47852,82.896599,9,470,2026-01-01 00:00:00,2026-09-05 18:00:00,True
Varansi Pindara Molanapur,VARANASI,-,-,25.471412,83.132893,8,204,2026-01-01 18:00:00,2026-08-27 18:00:00,True
Veterinary Hospital Shahjahanpur,MEERUT,-,-,28.855092,77.964625,9,904,2026-01-01 00:00:00,2026-09-05 18:00:00,True
Vighana (UP-066),HAMIRPUR,HAMIRPUR,-,25.661235,80.012699,2,105,2026-01-01 00:00:00,2026-02-03 06:00:00,False
Vikas Khand Bhmai,CHITRAKOOT,-,-,25.17578,80.863944,7,784,2026-01-01 04:07:00,2026-07-23 10:07:00,False
"Vikash Khand Parisar, Itwa",SIDDHARTHNAGAR,-,-,27.3219006,82.6936559,9,801,2026-01-01 00:00:00,2026-09-05 12:00:00,True
kadar Chowk (UP-073),BUDAUN,Budaun,-,27.87083333,79.08083333,5,564,2026-01-01 00:00:00,2026-05-30 06:00:00,False
mangaonwa,CHITRAKOOT,-,-,25.002555,80.875093,3,261,2026-02-01 00:00:00,2026-04-19 00:00:00,False
primary school Chaura khurd,SAHARANPUR,-,-,29.95975,77.728576,9,909,2026-01-01 00:00:00,2026-09-05 18:00:00,True
primary school Dhanju,MEERUT,-,-,29.080993,77.733945,0,0,,2025-09-06 18:00:00,False
primary school Gangdaspur,MUZAFFARNAGAR,-,-,29.388545,77.978073,1,12,2026-08-12 00:00:00,2026-08-15 18:00:00,False
primary school Kanjauli,SAHARANPUR,-,-,29.771805,77.432367,0,0,,2025-02-07 18:00:00,False
primary school jalalpura,SAHARANPUR,-,-,29.936939,77.393186,9,898,2026-01-01 00:00:00,2026-09-05 18:00:00,True
primary school kapasi,SAHARANPUR,-,-,29.913094,77.618469,9,908,2026-01-01 00:00:00,2026-09-05 18:00:00,True
